ID,SNP,G0   Control/Case,G1   Control/Case,G2   Control/Case
1,rs2237054,4418/4408,569/570,13/22
2,rs5742678,2866/2797,1837/1844,297/359
3,rs1549593,2970/2924,1771/1753,259/323
4,rs6220,2698/2643,1951/1933,351/424
5,rs2946834,2336/2295,2150/2171,514/534
6,rs1568502,2955/2914,1807/1840,238/246
7,IGF1R-10,3201/3169,1582/1545,217/286
8,rs2229765,1429/1523,2489/2533,1082/944
9,rs8030950,1917/1902,2745/2737,338/361
10,rs680,2451/2538,2183/2074,366/388
11,rs3741211,1971/1936,2269/2367,760/697
12,IGF2-05,2694/2651,1952/1955,354/394
13,IGF2-06,2162/2160,2284/2237,554/603
14,rs2132571,2407/2415,2157/2163,436/422
15,rs2471551,3284/3225,1515/1591,201/184
16,rs2854744,1469/1538,2475/2487,1056/975
17,rs2132572,3027/2908,1728/1805,245/287
18,rs3024496,1235/1218,2549/2533,1216/1249
19,rs1800872,3017/3059,1722/1660,261/281
20,rs1800890,1701/1703,2508/2455,791/842
21,rs1554286,3446/3400,1410/1431,144/169
22,rs1800470,1914/1850,2399/2372,687/778
23,rs699947,1273/1236,2463/2511,1264/1253
24,rs1570360,2341/2278,2132/2214,527/508
25,rs2010963,2279/2354,2157/2133,564/513
26,rs3025039,3741/3744,1174/1160,85/96
