SNP1,4408,4418,570,569,22,13,
SNP2,2797,2866,1844,1837,359,297,
SNP3,2924,2970,1753,1771,323,259,
SNP4,2643,2698,1933,1951,424,351,
SNP5,2295,2336,2171,2150,534,514,
SNP6,2914,2955,1840,1807,246,238,
SNP7,3169,3201,1545,1582,286,217,
SNP8,1523,1429,2533,2489,944,1082,
SNP9,2737,2745,1902,1917,361,338,
SNP10,2538,2451,2074,2183,388,366,
SNP11,1936,1971,2367,2269,697,760,
SNP12,2651,2694,1955,1952,394,354,
SNP13,2160,2162,2237,2284,603,554,
SNP14,2415,2407,2163,2157,422,436,
SNP15,3225,3284,1591,1515,184,201,
SNP16,1538,1469,2487,2475,975,1056,
SNP17,2908,3027,1805,1728,287,245,
SNP18,1218,1235,2533,2549,1249,1216,
SNP19,3059,3017,1660,1722,281,261,
SNP20,1703,1701,2455,2508,842,791,
SNP21,3400,3446,1431,1410,169,144,
SNP22,1850,1914,2372,2399,778,687,
SNP23,1236,1273,2511,2463,1253,1264,
SNP24,2278,2341,2214,2132,508,527,
SNP25,2354,2279,2133,2157,513,564,
SNP26,3744,3741,1160,1174,96,85,
