TimeElapsed, Max, Min, Mean, Std, Number of items., Selected: 5251.98097041,Top
0,171.585723337,0,48.0410652161,0.997049186083,298,-1[149-2][264-2][320-2];5251.98097041,[16-2][117-2][320-2];171.585723337,[234-2][245-2][495-2];136.510256582,[6-2][320-2][577-2];126.70992037
0,1508.34157847,0,65.2200241089,4.3726262999,293,-1[149-2][264-2][320-2];5251.98097041,[264-2][320-2][555-2];1508.34157847,[16-2][117-2][320-2];171.585723337,[252-2][320-2][577-2];147.888982647
0,1813.65086012,0.145437067876,155.751937866,11.6139870741,282,-1[149-2][264-2][320-2];5251.98097041,[264-2][320-2][387-2];1813.65086012,[264-2][320-2][553-2];1752.98632505,[264-2][320-2][352-2];1717.41016777
0,2888.97218048,11.407008541,812.855834961,20.5797206627,186,-1[149-2][264-2][320-2];5251.98097041,[264-2][320-2][507-2];2888.97218048,[243-2][264-2][320-2];2578.7446278,[264-2][320-2][434-2];2329.97244089
0,2888.97218048,0.145437067876,1385.93261719,25.1506248505,116,-1[149-2][264-2][320-2];5251.98097041,[264-2][320-2][507-2];2888.97218048,[243-2][264-2][320-2];2578.7446278,[264-2][320-2][434-2];2329.97244089
0,2888.97218048,55.5291216884,1496.50366211,20.313929554,100,-1[149-2][264-2][320-2];5251.98097041,[264-2][320-2][507-2];2888.97218048,[243-2][264-2][320-2];2578.7446278,[264-2][320-2][434-2];2329.97244089
0,2888.97218048,13.243814866,1483.2277832,26.5234184327,125,-1[149-2][264-2][320-2];5251.98097041,[264-2][320-2][507-2];2888.97218048,[188-2][264-2][320-2];2627.33526091,[243-2][264-2][320-2];2578.7446278
1,2888.97218048,13.243814866,1488.96704102,27.4543661197,134,-1[149-2][264-2][320-2];5251.98097041,[264-2][320-2][507-2];2888.97218048,[188-2][264-2][320-2];2627.33526091,[243-2][264-2][320-2];2578.7446278
1,2888.97218048,6.36653268516,1494.70202637,30.1277362347,145,-1[149-2][264-2][320-2];5251.98097041,[264-2][320-2][507-2];2888.97218048,[188-2][264-2][320-2];2627.33526091,[243-2][264-2][320-2];2578.7446278
1,3699.35660378,15.9951248203,1682.01013184,31.6341035336,134,-1[149-2][264-2][320-2];5251.98097041,[264-2][296-2][320-2];3699.35660378,[195-2][264-2][320-2];3355.51898001,[264-2][320-2][507-2];2888.97218048
1,3699.35660378,22.0406339916,1670.37915039,33.9020540678,139,-1[149-2][264-2][320-2];5251.98097041,[264-2][296-2][320-2];3699.35660378,[195-2][264-2][320-2];3355.51898001,[264-2][320-2][507-2];2888.97218048
1,3699.35660378,32.0260774951,1811.12658691,47.7106784884,136,-1[149-2][264-2][320-2];5251.98097041,[264-2][296-2][320-2];3699.35660378,[195-2][264-2][320-2];3355.51898001,[264-2][320-2][515-2];2998.01389059
1,3699.35660378,66.9286647606,1922.88623047,38.8368609649,131,-1[149-2][264-2][320-2];5251.98097041,[264-2][296-2][320-2];3699.35660378,[195-2][264-2][320-2];3355.51898001,[56-2][264-2][320-2];3282.69404164
1,3699.35660378,67.7208560762,1938.16833496,45.1050805255,140,-1[149-2][264-2][320-2];5251.98097041,[264-2][296-2][320-2];3699.35660378,[195-2][264-2][320-2];3355.51898001,[56-2][264-2][320-2];3282.69404164
1,3699.35660378,39.9239092056,2009.3092041,38.4105970627,133,-1[149-2][264-2][320-2];5251.98097041,[264-2][296-2][320-2];3699.35660378,[195-2][264-2][320-2];3355.51898001,[56-2][264-2][320-2];3282.69404164
1,3699.35660378,54.5692316621,2006.97485352,28.8339807595,129,-1[149-2][264-2][320-2];5251.98097041,[264-2][296-2][320-2];3699.35660378,[195-2][264-2][320-2];3355.51898001,[56-2][264-2][320-2];3282.69404164
1,3699.35660378,7.38842088981,2163.83227539,35.4414714142,102,-1[149-2][264-2][320-2];5251.98097041,[264-2][296-2][320-2];3699.35660378,[195-2][264-2][320-2];3355.51898001,[56-2][264-2][320-2];3282.69404164
1,3699.35660378,31.1722814755,2156.36157227,44.3105640485,115,-1[149-2][264-2][320-2];5251.98097041,[264-2][296-2][320-2];3699.35660378,[195-2][264-2][320-2];3355.51898001,[56-2][264-2][320-2];3282.69404164
1,3699.35660378,8.46464025045,2188.94848633,39.8886476129,109,-1[149-2][264-2][320-2];5251.98097041,[264-2][296-2][320-2];3699.35660378,[195-2][264-2][320-2];3355.51898001,[56-2][264-2][320-2];3282.69404164
1,3699.35660378,0.438889920504,2260.35375977,27.5294133463,104,-1[149-2][264-2][320-2];5251.98097041,[264-2][296-2][320-2];3699.35660378,[195-2][264-2][320-2];3355.51898001,[56-2][264-2][320-2];3282.69404164
1,3699.35660378,0.438889920504,2194.82177734,26.9209547973,119,-1[149-2][264-2][320-2];5251.98097041,[264-2][296-2][320-2];3699.35660378,[195-2][264-2][320-2];3355.51898001,[56-2][264-2][320-2];3282.69404164
1,3699.35660378,28.4628029466,2224.06274414,29.0266735805,108,-1[149-2][264-2][320-2];5251.98097041,[264-2][296-2][320-2];3699.35660378,[195-2][264-2][320-2];3355.51898001,[56-2][264-2][320-2];3282.69404164
1,3699.35660378,72.7339614422,2279.88793945,31.0634873622,105,-1[149-2][264-2][320-2];5251.98097041,[264-2][296-2][320-2];3699.35660378,[195-2][264-2][320-2];3355.51898001,[56-2][264-2][320-2];3282.69404164
1,3699.35660378,21.6877847229,2310.63208008,27.9321258724,107,-1[149-2][264-2][320-2];5251.98097041,[264-2][296-2][320-2];3699.35660378,[195-2][264-2][320-2];3355.51898001,[56-2][264-2][320-2];3282.69404164
1,3699.35660378,6.77309016785,2256.22192383,33.0984299007,120,-1[149-2][264-2][320-2];5251.98097041,[264-2][296-2][320-2];3699.35660378,[195-2][264-2][320-2];3355.51898001,[56-2][264-2][320-2];3282.69404164
1,3699.35660378,47.5331565788,2135.16772461,44.9081629764,132,-1[149-2][264-2][320-2];5251.98097041,[264-2][296-2][320-2];3699.35660378,[195-2][264-2][320-2];3355.51898001,[56-2][264-2][320-2];3282.69404164
1,3699.35660378,8.58855617937,2222.60375977,43.6569238103,120,-1[149-2][264-2][320-2];5251.98097041,[264-2][296-2][320-2];3699.35660378,[195-2][264-2][320-2];3355.51898001,[56-2][264-2][320-2];3282.69404164
1,3699.35660378,12.6481103732,2272.57250977,42.9524867773,116,-1[149-2][264-2][320-2];5251.98097041,[264-2][296-2][320-2];3699.35660378,[195-2][264-2][320-2];3355.51898001,[56-2][264-2][320-2];3282.69404164
1,3699.35660378,12.6481103732,2219.86425781,32.0311177657,117,-1[149-2][264-2][320-2];5251.98097041,[264-2][296-2][320-2];3699.35660378,[195-2][264-2][320-2];3355.51898001,[56-2][264-2][320-2];3282.69404164
1,3699.35660378,0.00331953957003,1523.40478516,43.731459004,182,-1[149-2][264-2][320-2];5251.98097041,[264-2][296-2][320-2];3699.35660378,[195-2][264-2][320-2];3355.51898001,[56-2][264-2][320-2];3282.69404164
1,3699.35660378,0.00331953957003,2319.9375,44.2548435505,99,-1[149-2][264-2][320-2];5251.98097041,[264-2][296-2][320-2];3699.35660378,[195-2][264-2][320-2];3355.51898001,[56-2][264-2][320-2];3282.69404164
1,4067.72348209,25.2995477128,2350.05175781,42.9482320536,96,-1[149-2][264-2][320-2];5251.98097041,[264-2][320-2][461-2];4067.72348209,[264-2][296-2][320-2];3699.35660378,[195-2][264-2][320-2];3355.51898001
1,4067.72348209,25.2995477128,2353.20385742,30.0015414198,102,-1[149-2][264-2][320-2];5251.98097041,[264-2][320-2][461-2];4067.72348209,[264-2][296-2][320-2];3699.35660378,[195-2][264-2][320-2];3355.51898001
1,4067.72348209,46.8336453773,2478.9609375,40.0181163325,90,-1[149-2][264-2][320-2];5251.98097041,[264-2][320-2][461-2];4067.72348209,[264-2][296-2][320-2];3699.35660378,[195-2][264-2][320-2];3355.51898001
1,4067.72348209,25.1959560053,2340.33544922,30.4320959645,111,-1[149-2][264-2][320-2];5251.98097041,[264-2][320-2][461-2];4067.72348209,[264-2][296-2][320-2];3699.35660378,[195-2][264-2][320-2];3355.51898001
1,4067.72348209,39.8090652232,2462.29345703,30.3069253613,97,-1[149-2][264-2][320-2];5251.98097041,[264-2][320-2][461-2];4067.72348209,[264-2][296-2][320-2];3699.35660378,[195-2][264-2][320-2];3355.51898001
1,4067.72348209,43.1272212034,2464.76147461,43.9486238554,100,-1[149-2][264-2][320-2];5251.98097041,[264-2][320-2][461-2];4067.72348209,[264-2][296-2][320-2];3699.35660378,[195-2][264-2][320-2];3355.51898001
1,5251.98097041,81.9417497306,2494.03149414,31.4993975762,102,0[149-2][264-2][320-2];5251.98097041,[149-2][264-2][320-2];5251.98097041,[264-2][320-2][461-2];4067.72348209,[264-2][296-2][320-2];3699.35660378
1,5251.98097041,79.5369440578,2645.16723633,43.3409254232,90,0[149-2][264-2][320-2];5251.98097041,[149-2][264-2][320-2];5251.98097041,[264-2][320-2][461-2];4067.72348209,[264-2][296-2][320-2];3699.35660378
2,5251.98097041,16.3757039961,2597.81054688,52.3860291564,98,0[149-2][264-2][320-2];5251.98097041,[149-2][264-2][320-2];5251.98097041,[264-2][320-2][461-2];4067.72348209,[176-2][264-2][320-2];3770.66394255
2,5251.98097041,19.3220966681,2718.5769043,31.5998645411,100,0[149-2][264-2][320-2];5251.98097041,[149-2][264-2][320-2];5251.98097041,[264-2][320-2][461-2];4067.72348209,[176-2][264-2][320-2];3770.66394255
2,5251.98097041,9.36399047184,2656.17407227,42.3117602538,109,0[149-2][264-2][320-2];5251.98097041,[149-2][264-2][320-2];5251.98097041,[264-2][320-2][461-2];4067.72348209,[176-2][264-2][320-2];3770.66394255
2,5251.98097041,66.1262144007,2917.12329102,48.2702402608,91,0[149-2][264-2][320-2];5251.98097041,[149-2][264-2][320-2];5251.98097041,[264-2][320-2][461-2];4067.72348209,[176-2][264-2][320-2];3770.66394255
2,5251.98097041,78.0621611081,2995.04638672,53.7823335778,86,0[149-2][264-2][320-2];5251.98097041,[149-2][264-2][320-2];5251.98097041,[264-2][320-2][461-2];4067.72348209,[176-2][264-2][320-2];3770.66394255
2,5251.98097041,66.1262144007,2872.875,52.9639994221,103,0[149-2][264-2][320-2];5251.98097041,[149-2][264-2][320-2];5251.98097041,[264-2][320-2][461-2];4067.72348209,[176-2][264-2][320-2];3770.66394255
2,5251.98097041,9.48751182876,3099.75878906,34.0796480884,83,0[149-2][264-2][320-2];5251.98097041,[149-2][264-2][320-2];5251.98097041,[264-2][320-2][461-2];4067.72348209,[176-2][264-2][320-2];3770.66394255
2,5251.98097041,66.1262144007,2983.53076172,41.7613092466,94,0[149-2][264-2][320-2];5251.98097041,[149-2][264-2][320-2];5251.98097041,[264-2][320-2][461-2];4067.72348209,[176-2][264-2][320-2];3770.66394255
2,5251.98097041,66.1262144007,3179.58276367,63.4336074397,82,0[149-2][264-2][320-2];5251.98097041,[149-2][264-2][320-2];5251.98097041,[264-2][320-2][461-2];4067.72348209,[176-2][264-2][320-2];3770.66394255
2,5251.98097041,17.3323056528,3087.00244141,58.8405347362,92,0[149-2][264-2][320-2];5251.98097041,[149-2][264-2][320-2];5251.98097041,[264-2][320-2][461-2];4067.72348209,[176-2][264-2][320-2];3770.66394255
2,5251.98097041,12.2656719667,3151,35.0657161461,85,0[149-2][264-2][320-2];5251.98097041,[149-2][264-2][320-2];5251.98097041,[264-2][320-2][461-2];4067.72348209,[176-2][264-2][320-2];3770.66394255
0,1423.9102456,0.286491782114,55.1341667175,2.80973346949,312,-1[149-2][264-2][320-2];5251.98097041,[264-2][320-2][416-2];1423.9102456,[149-2][264-2][435-2];932.797113259,[221-2][264-2][416-2];170.055250773
0,1644.67405098,0.286491782114,159.294876099,14.652571685,278,-1[149-2][264-2][320-2];5251.98097041,[251-2][264-2][320-2];1644.67405098,[264-2][320-2][364-2];1538.53890963,[70-2][264-2][320-2];1477.80033376
0,5251.98097041,0.286491782114,677.573425293,27.0044365337,212,0[149-2][264-2][320-2];5251.98097041,[149-2][264-2][320-2];5251.98097041,[264-2][320-2][381-2];2798.8362435,[264-2][320-2][405-2];2250.59649169
0,5251.98097041,0.286491782114,1139.82824707,21.6904771145,144,0[149-2][264-2][320-2];5251.98097041,[149-2][264-2][320-2];5251.98097041,[264-2][320-2][381-2];2798.8362435,[264-2][320-2][348-2];2310.0875064
0,5251.98097041,13.6690131379,1393.5098877,46.6991708863,138,0[149-2][264-2][320-2];5251.98097041,[149-2][264-2][320-2];5251.98097041,[264-2][320-2][381-2];2798.8362435,[155-2][264-2][320-2];2532.89252893
0,5251.98097041,21.4000464233,1799.37097168,40.1347678938,138,0[149-2][264-2][320-2];5251.98097041,[149-2][264-2][320-2];5251.98097041,[264-2][320-2][381-2];2798.8362435,[264-2][320-2][480-2];2681.56701848
0,5251.98097041,24.7846132446,2446.48291016,73.9305488707,145,0[149-2][264-2][320-2];5251.98097041,[149-2][264-2][320-2];5251.98097041,[37-2][264-2][320-2];2820.51783782,[264-2][320-2][381-2];2798.8362435
0,5251.98097041,34.8353644286,3118.08374023,83.2287215968,128,0[149-2][264-2][320-2];5251.98097041,[149-2][264-2][320-2];5251.98097041,[56-2][264-2][320-2];3282.69404164,[37-2][264-2][320-2];2820.51783782
0,5251.98097041,26.0897785213,3674.90649414,77.2724306867,102,0[149-2][264-2][320-2];5251.98097041,[149-2][264-2][320-2];5251.98097041,[56-2][264-2][320-2];3282.69404164,[37-2][264-2][320-2];2820.51783782
0,5251.98097041,40.3544272237,3905.65942383,55.3388106089,92,0[149-2][264-2][320-2];5251.98097041,[149-2][264-2][320-2];5251.98097041,[195-2][264-2][320-2];3355.51898001,[56-2][264-2][320-2];3282.69404164
0,5251.98097041,48.5718428346,4227.28564453,51.8546720687,75,0[149-2][264-2][320-2];5251.98097041,[149-2][264-2][320-2];5251.98097041,[195-2][264-2][320-2];3355.51898001,[56-2][264-2][320-2];3282.69404164
0,5251.98097041,62.8196911272,4468.56591797,63.3709034276,61,0[149-2][264-2][320-2];5251.98097041,[149-2][264-2][320-2];5251.98097041,[195-2][264-2][320-2];3355.51898001,[56-2][264-2][320-2];3282.69404164
0,5251.98097041,45.7158596956,4335.06152344,61.3859089081,70,0[149-2][264-2][320-2];5251.98097041,[149-2][264-2][320-2];5251.98097041,[195-2][264-2][320-2];3355.51898001,[56-2][264-2][320-2];3282.69404164
0,5251.98097041,90.4530011996,4368.83251953,44.5451278296,69,0[149-2][264-2][320-2];5251.98097041,[149-2][264-2][320-2];5251.98097041,[195-2][264-2][320-2];3355.51898001,[56-2][264-2][320-2];3282.69404164
0,5251.98097041,19.4508438739,4433.53417969,42.100053102,64,0[149-2][264-2][320-2];5251.98097041,[149-2][264-2][320-2];5251.98097041,[195-2][264-2][320-2];3355.51898001,[56-2][264-2][320-2];3282.69404164
0,5251.98097041,19.4508438739,4283.84667969,73.1072582894,72,0[149-2][264-2][320-2];5251.98097041,[149-2][264-2][320-2];5251.98097041,[195-2][264-2][320-2];3355.51898001,[56-2][264-2][320-2];3282.69404164
0,5251.98097041,42.6745482876,4307.92529297,47.8355667413,68,0[149-2][264-2][320-2];5251.98097041,[149-2][264-2][320-2];5251.98097041,[195-2][264-2][320-2];3355.51898001,[56-2][264-2][320-2];3282.69404164
0,5251.98097041,26.2430865842,4170.61425781,63.3663674399,82,0[149-2][264-2][320-2];5251.98097041,[149-2][264-2][320-2];5251.98097041,[195-2][264-2][320-2];3355.51898001,[56-2][264-2][320-2];3282.69404164
0,5251.98097041,17.3587257962,4426.07275391,51.8959884819,63,0[149-2][264-2][320-2];5251.98097041,[149-2][264-2][320-2];5251.98097041,[195-2][264-2][320-2];3355.51898001,[56-2][264-2][320-2];3282.69404164
0,5251.98097041,73.3064360042,4270.15087891,55.009945535,78,0[149-2][264-2][320-2];5251.98097041,[149-2][264-2][320-2];5251.98097041,[195-2][264-2][320-2];3355.51898001,[56-2][264-2][320-2];3282.69404164
1,1881.36540741,0.286491782114,56.8762016296,1.03664386266,294,-1[149-2][264-2][320-2];5251.98097041,[264-2][320-2][537-2];1881.36540741,[221-2][264-2][416-2];170.055250773,[221-2][264-2][435-2];157.271702465
1,2631.72953941,0.286491782114,186.129669189,18.8596457689,278,-1[149-2][264-2][320-2];5251.98097041,[264-2][320-2][544-2];2631.72953941,[264-2][320-2][537-2];1881.36540741,[264-2][320-2][490-2];1752.98632505
1,2631.72953941,0.286491782114,1003.70788574,39.1476591837,178,-1[149-2][264-2][320-2];5251.98097041,[264-2][320-2][544-2];2631.72953941,[264-2][320-2][573-2];2132.42619104,[264-2][320-2][537-2];1881.36540741
1,2998.01389059,33.3941436832,1608.49841309,18.352582563,97,-1[149-2][264-2][320-2];5251.98097041,[264-2][320-2][515-2];2998.01389059,[264-2][320-2][381-2];2798.8362435,[264-2][320-2][544-2];2631.72953941
1,2998.01389059,13.6690131379,1708.15515137,26.5371807665,82,-1[149-2][264-2][320-2];5251.98097041,[264-2][320-2][515-2];2998.01389059,[264-2][320-2][381-2];2798.8362435,[264-2][320-2][544-2];2631.72953941
1,3003.8577093,68.6853145943,1798.98278809,16.9413280928,77,-1[149-2][264-2][320-2];5251.98097041,[264-2][279-2][320-2];3003.8577093,[264-2][320-2][515-2];2998.01389059,[264-2][320-2][381-2];2798.8362435
1,3003.8577093,75.5660046624,1725.75195313,31.0781842268,98,-1[149-2][264-2][320-2];5251.98097041,[264-2][279-2][320-2];3003.8577093,[264-2][320-2][515-2];2998.01389059,[264-2][320-2][381-2];2798.8362435
1,3282.69404164,75.5660046624,1879.29187012,20.1198993924,86,-1[149-2][264-2][320-2];5251.98097041,[56-2][264-2][320-2];3282.69404164,[264-2][279-2][320-2];3003.8577093,[264-2][320-2][515-2];2998.01389059
1,3282.69404164,62.8196911272,1941.87646484,32.7787413543,80,-1[149-2][264-2][320-2];5251.98097041,[56-2][264-2][320-2];3282.69404164,[264-2][279-2][320-2];3003.8577093,[264-2][320-2][515-2];2998.01389059
1,3355.51898001,62.8196911272,2017.9921875,20.215574826,86,-1[149-2][264-2][320-2];5251.98097041,[195-2][264-2][320-2];3355.51898001,[56-2][264-2][320-2];3282.69404164,[264-2][279-2][320-2];3003.8577093
1,3355.51898001,73.2371634828,2040.80712891,37.7779431236,96,-1[149-2][264-2][320-2];5251.98097041,[195-2][264-2][320-2];3355.51898001,[56-2][264-2][320-2];3282.69404164,[264-2][279-2][320-2];3003.8577093
1,3355.51898001,70.1733006778,2021.49316406,24.7673019906,105,-1[149-2][264-2][320-2];5251.98097041,[195-2][264-2][320-2];3355.51898001,[56-2][264-2][320-2];3282.69404164,[264-2][279-2][320-2];3003.8577093
1,3355.51898001,11.2928377074,2075.484375,39.1374007448,101,-1[149-2][264-2][320-2];5251.98097041,[195-2][264-2][320-2];3355.51898001,[56-2][264-2][320-2];3282.69404164,[264-2][279-2][320-2];3003.8577093
1,3355.51898001,13.1863905988,2120.43774414,35.109073662,112,-1[149-2][264-2][320-2];5251.98097041,[195-2][264-2][320-2];3355.51898001,[56-2][264-2][320-2];3282.69404164,[264-2][279-2][320-2];3003.8577093
1,3355.51898001,45.5757677186,2083.74414063,38.5987985229,116,-1[149-2][264-2][320-2];5251.98097041,[195-2][264-2][320-2];3355.51898001,[56-2][264-2][320-2];3282.69404164,[264-2][279-2][320-2];3003.8577093
1,3355.51898001,11.1656989169,2180.08862305,40.080560227,102,-1[149-2][264-2][320-2];5251.98097041,[195-2][264-2][320-2];3355.51898001,[56-2][264-2][320-2];3282.69404164,[264-2][279-2][320-2];3003.8577093
1,3699.35660378,11.1656989169,2144.19165039,35.3470332267,109,-1[149-2][264-2][320-2];5251.98097041,[264-2][296-2][320-2];3699.35660378,[195-2][264-2][320-2];3355.51898001,[56-2][264-2][320-2];3282.69404164
1,3699.35660378,76.5383898659,2226.11425781,39.414587571,109,-1[149-2][264-2][320-2];5251.98097041,[264-2][296-2][320-2];3699.35660378,[195-2][264-2][320-2];3355.51898001,[56-2][264-2][320-2];3282.69404164
1,3699.35660378,9.04754438058,2144.40405273,26.7901101327,116,-1[149-2][264-2][320-2];5251.98097041,[264-2][296-2][320-2];3699.35660378,[195-2][264-2][320-2];3355.51898001,[56-2][264-2][320-2];3282.69404164
1,3699.35660378,86.5122132051,2237.15161133,36.1744701255,107,-1[149-2][264-2][320-2];5251.98097041,[264-2][296-2][320-2];3699.35660378,[195-2][264-2][320-2];3355.51898001,[56-2][264-2][320-2];3282.69404164
1,5251.98097041,41.051385051,2195.35620117,27.8189760883,117,0[149-2][264-2][320-2];5251.98097041,[149-2][264-2][320-2];5251.98097041,[264-2][296-2][320-2];3699.35660378,[195-2][264-2][320-2];3355.51898001
1,5251.98097041,41.051385051,2314.95874023,30.1514534038,100,0[149-2][264-2][320-2];5251.98097041,[149-2][264-2][320-2];5251.98097041,[264-2][296-2][320-2];3699.35660378,[195-2][264-2][320-2];3355.51898001
1,5251.98097041,39.7162557258,2331.73632813,42.8873789042,104,0[149-2][264-2][320-2];5251.98097041,[149-2][264-2][320-2];5251.98097041,[264-2][296-2][320-2];3699.35660378,[195-2][264-2][320-2];3355.51898001
1,5251.98097041,14.8046199945,2361.49194336,38.7419358342,103,0[149-2][264-2][320-2];5251.98097041,[149-2][264-2][320-2];5251.98097041,[264-2][296-2][320-2];3699.35660378,[195-2][264-2][320-2];3355.51898001
1,5251.98097041,37.8677705849,2257.88696289,45.7389248697,117,0[149-2][264-2][320-2];5251.98097041,[149-2][264-2][320-2];5251.98097041,[264-2][296-2][320-2];3699.35660378,[195-2][264-2][320-2];3355.51898001
1,5251.98097041,72.2914297268,2357.70751953,50.1463162179,117,0[149-2][264-2][320-2];5251.98097041,[149-2][264-2][320-2];5251.98097041,[264-2][296-2][320-2];3699.35660378,[195-2][264-2][320-2];3355.51898001
1,5251.98097041,50.5420068904,2380.6237793,53.6531199761,126,0[149-2][264-2][320-2];5251.98097041,[149-2][264-2][320-2];5251.98097041,[264-2][296-2][320-2];3699.35660378,[195-2][264-2][320-2];3355.51898001
1,5251.98097041,18.0714929692,2378.265625,51.9836507635,137,0[149-2][264-2][320-2];5251.98097041,[149-2][264-2][320-2];5251.98097041,[264-2][296-2][320-2];3699.35660378,[195-2][264-2][320-2];3355.51898001
1,5251.98097041,54.6933360746,2549.83740234,71.1886603965,137,0[149-2][264-2][320-2];5251.98097041,[149-2][264-2][320-2];5251.98097041,[264-2][296-2][320-2];3699.35660378,[195-2][264-2][320-2];3355.51898001
2,5251.98097041,15.0057375329,2773.08178711,90.7354999814,133,0[149-2][264-2][320-2];5251.98097041,[149-2][264-2][320-2];5251.98097041,[264-2][320-2][461-2];4067.72348209,[264-2][296-2][320-2];3699.35660378
2,5251.98097041,45.8033863188,3362.85522461,76.8441977653,122,0[149-2][264-2][320-2];5251.98097041,[149-2][264-2][320-2];5251.98097041,[264-2][320-2][461-2];4067.72348209,[264-2][296-2][320-2];3699.35660378
2,5251.98097041,54.6529902729,3675.37963867,93.1799993175,104,0[149-2][264-2][320-2];5251.98097041,[149-2][264-2][320-2];5251.98097041,[264-2][320-2][461-2];4067.72348209,[264-2][296-2][320-2];3699.35660378
2,5251.98097041,67.4800414105,3950.64208984,68.7434896719,85,0[149-2][264-2][320-2];5251.98097041,[149-2][264-2][320-2];5251.98097041,[264-2][320-2][461-2];4067.72348209,[264-2][296-2][320-2];3699.35660378
2,5251.98097041,78.84675637,4173.59619141,68.0563402638,80,0[149-2][264-2][320-2];5251.98097041,[149-2][264-2][320-2];5251.98097041,[264-2][320-2][461-2];4067.72348209,[264-2][296-2][320-2];3699.35660378
2,5251.98097041,54.6392988732,4265.46435547,46.310774702,78,0[149-2][264-2][320-2];5251.98097041,[149-2][264-2][320-2];5251.98097041,[264-2][320-2][461-2];4067.72348209,[264-2][296-2][320-2];3699.35660378
2,5251.98097041,27.2470738132,4476.56787109,69.7481917308,60,0[149-2][264-2][320-2];5251.98097041,[149-2][264-2][320-2];5251.98097041,[264-2][320-2][461-2];4067.72348209,[264-2][296-2][320-2];3699.35660378
2,5251.98097041,27.2470738132,4241.63476563,48.4138093852,76,0[149-2][264-2][320-2];5251.98097041,[149-2][264-2][320-2];5251.98097041,[264-2][320-2][461-2];4067.72348209,[264-2][296-2][320-2];3699.35660378
2,5251.98097041,14.7330035463,4404.37451172,46.4839448234,63,0[149-2][264-2][320-2];5251.98097041,[149-2][264-2][320-2];5251.98097041,[264-2][320-2][461-2];4067.72348209,[264-2][296-2][320-2];3699.35660378
2,5251.98097041,97.4591489785,4363.9453125,61.8376796009,66,0[149-2][264-2][320-2];5251.98097041,[149-2][264-2][320-2];5251.98097041,[264-2][320-2][461-2];4067.72348209,[264-2][296-2][320-2];3699.35660378
2,5251.98097041,74.0879777752,4260.81201172,73.0934116257,78,0[149-2][264-2][320-2];5251.98097041,[149-2][264-2][320-2];5251.98097041,[264-2][320-2][461-2];4067.72348209,[264-2][296-2][320-2];3699.35660378
0,169.775937188,3.23441570285,49.7389259338,0.851653633537,306,-1[149-2][264-2][320-2];5251.98097041,[61-2][320-2][538-2];169.775937188,[109-2][136-2][264-2];130.391812332,[256-2][264-2][282-2];128.422234879
0,196.154786503,6.88757716604,63.6209182739,1.44833040107,296,-1[149-2][264-2][320-2];5251.98097041,[126-2][320-2][376-2];196.154786503,[165-2][264-2][282-2];173.83761969,[61-2][320-2][538-2];169.775937188
0,1757.46289055,6.88757716604,82.8760223389,4.98160819974,278,-1[149-2][264-2][320-2];5251.98097041,[21-2][264-2][320-2];1757.46289055,[126-2][320-2][376-2];196.154786503,[233-2][264-2][282-2];195.915840337
0,1873.81729642,1.17611808331,210.991012573,14.0203867878,266,-1[149-2][264-2][320-2];5251.98097041,[246-2][264-2][320-2];1873.81729642,[21-2][264-2][320-2];1757.46289055,[264-2][320-2][429-2];1752.98632505
0,1880.88235242,1.17611808331,850.598266602,22.0055300203,186,-1[149-2][264-2][320-2];5251.98097041,[40-2][264-2][320-2];1880.88235242,[246-2][264-2][320-2];1873.81729642,[264-2][320-2][380-2];1848.93983978
0,4067.72348209,9.54680148945,1394.83276367,19.4735254752,108,-1[149-2][264-2][320-2];5251.98097041,[264-2][320-2][461-2];4067.72348209,[264-2][320-2][515-2];2998.01389059,[147-2][264-2][320-2];2631.9380002
0,4067.72348209,65.4596898822,1546.48828125,23.3802068472,86,-1[149-2][264-2][320-2];5251.98097041,[264-2][320-2][461-2];4067.72348209,[264-2][320-2][515-2];2998.01389059,[147-2][264-2][320-2];2631.9380002
0,4067.72348209,6.2271246294,1555.0670166,28.7352342156,108,-1[149-2][264-2][320-2];5251.98097041,[264-2][320-2][461-2];4067.72348209,[195-2][264-2][320-2];3355.51898001,[56-2][264-2][320-2];3282.69404164
0,4067.72348209,1.34339501429,1551.32946777,34.4503105556,143,-1[149-2][264-2][320-2];5251.98097041,[264-2][320-2][461-2];4067.72348209,[195-2][264-2][320-2];3355.51898001,[56-2][264-2][320-2];3282.69404164
0,4067.72348209,1.34339501429,1601.67163086,37.9220608758,147,-1[149-2][264-2][320-2];5251.98097041,[264-2][320-2][461-2];4067.72348209,[195-2][264-2][320-2];3355.51898001,[56-2][264-2][320-2];3282.69404164
0,4067.72348209,24.3085162269,1723.33105469,37.6234459371,136,-1[149-2][264-2][320-2];5251.98097041,[264-2][320-2][461-2];4067.72348209,[195-2][264-2][320-2];3355.51898001,[56-2][264-2][320-2];3282.69404164
0,4067.72348209,20.9659582694,1648.88037109,43.9208787961,172,-1[149-2][264-2][320-2];5251.98097041,[264-2][320-2][461-2];4067.72348209,[195-2][264-2][320-2];3355.51898001,[56-2][264-2][320-2];3282.69404164
0,4067.72348209,28.5333154323,1816.16906738,47.0534335809,171,-1[149-2][264-2][320-2];5251.98097041,[264-2][320-2][461-2];4067.72348209,[195-2][264-2][320-2];3355.51898001,[56-2][264-2][320-2];3282.69404164
0,4067.72348209,33.1714700036,2047.1920166,50.6264815694,151,-1[149-2][264-2][320-2];5251.98097041,[264-2][320-2][461-2];4067.72348209,[195-2][264-2][320-2];3355.51898001,[56-2][264-2][320-2];3282.69404164
0,4067.72348209,8.42523257088,2116.26757813,59.4821979708,166,-1[149-2][264-2][320-2];5251.98097041,[264-2][320-2][461-2];4067.72348209,[195-2][264-2][320-2];3355.51898001,[56-2][264-2][320-2];3282.69404164
0,4067.72348209,12.4450642088,2136.8125,55.4940233581,155,-1[149-2][264-2][320-2];5251.98097041,[264-2][320-2][461-2];4067.72348209,[195-2][264-2][320-2];3355.51898001,[56-2][264-2][320-2];3282.69404164
0,4067.72348209,9.38803281992,2265.17285156,56.8794412716,151,-1[149-2][264-2][320-2];5251.98097041,[264-2][320-2][461-2];4067.72348209,[195-2][264-2][320-2];3355.51898001,[56-2][264-2][320-2];3282.69404164
1,4067.72348209,20.7031652505,2341.89282227,45.2832292243,154,-1[149-2][264-2][320-2];5251.98097041,[264-2][320-2][461-2];4067.72348209,[195-2][264-2][320-2];3355.51898001,[56-2][264-2][320-2];3282.69404164
1,4067.72348209,24.135578854,2690.55371094,71.3021572488,131,-1[149-2][264-2][320-2];5251.98097041,[264-2][320-2][461-2];4067.72348209,[195-2][264-2][320-2];3355.51898001,[56-2][264-2][320-2];3282.69404164
1,4067.72348209,24.135578854,2643.64208984,60.8953102599,127,-1[149-2][264-2][320-2];5251.98097041,[264-2][320-2][461-2];4067.72348209,[195-2][264-2][320-2];3355.51898001,[56-2][264-2][320-2];3282.69404164
1,4067.72348209,24.135578854,2955.26489258,41.2918161171,106,-1[149-2][264-2][320-2];5251.98097041,[264-2][320-2][461-2];4067.72348209,[176-2][264-2][320-2];3770.66394255,[195-2][264-2][320-2];3355.51898001
1,4067.72348209,66.1262144007,2904.01928711,42.523022001,111,-1[149-2][264-2][320-2];5251.98097041,[264-2][320-2][461-2];4067.72348209,[176-2][264-2][320-2];3770.66394255,[195-2][264-2][320-2];3355.51898001
1,4067.72348209,9.15097427268,3116.40429688,57.4661664535,95,-1[149-2][264-2][320-2];5251.98097041,[264-2][320-2][461-2];4067.72348209,[176-2][264-2][320-2];3770.66394255,[195-2][264-2][320-2];3355.51898001
1,5251.98097041,45.7488295336,3131.18286133,38.8269634925,91,0[149-2][264-2][320-2];5251.98097041,[149-2][264-2][320-2];5251.98097041,[264-2][320-2][461-2];4067.72348209,[176-2][264-2][320-2];3770.66394255
1,5251.98097041,4.50028789874,3070.29663086,59.9026038911,94,0[149-2][264-2][320-2];5251.98097041,[149-2][264-2][320-2];5251.98097041,[264-2][320-2][461-2];4067.72348209,[176-2][264-2][320-2];3770.66394255
1,5251.98097041,26.8616151503,3160.04125977,59.6523226642,90,0[149-2][264-2][320-2];5251.98097041,[149-2][264-2][320-2];5251.98097041,[264-2][320-2][461-2];4067.72348209,[176-2][264-2][320-2];3770.66394255
1,5251.98097041,20.4377009579,3103.77026367,39.2192823148,96,0[149-2][264-2][320-2];5251.98097041,[149-2][264-2][320-2];5251.98097041,[264-2][320-2][461-2];4067.72348209,[176-2][264-2][320-2];3770.66394255
1,5251.98097041,65.4392612879,3213.2109375,61.1782110355,85,0[149-2][264-2][320-2];5251.98097041,[149-2][264-2][320-2];5251.98097041,[264-2][320-2][461-2];4067.72348209,[176-2][264-2][320-2];3770.66394255
1,5251.98097041,31.8911890811,3408.74560547,38.0622434824,63,0[149-2][264-2][320-2];5251.98097041,[149-2][264-2][320-2];5251.98097041,[264-2][320-2][461-2];4067.72348209,[176-2][264-2][320-2];3770.66394255
1,5251.98097041,66.1262144007,3380.17114258,36.9127671939,64,0[149-2][264-2][320-2];5251.98097041,[149-2][264-2][320-2];5251.98097041,[264-2][320-2][461-2];4067.72348209,[176-2][264-2][320-2];3770.66394255
1,5251.98097041,3.20182101133,3311.93237305,36.8604775605,73,0[149-2][264-2][320-2];5251.98097041,[149-2][264-2][320-2];5251.98097041,[264-2][320-2][461-2];4067.72348209,[176-2][264-2][320-2];3770.66394255
1,5251.98097041,24.2904664064,3540.27709961,52.4269164771,53,0[149-2][264-2][320-2];5251.98097041,[149-2][264-2][320-2];5251.98097041,[264-2][320-2][461-2];4067.72348209,[176-2][264-2][320-2];3770.66394255
1,5251.98097041,0.890064068222,3269.87719727,58.0463834837,79,0[149-2][264-2][320-2];5251.98097041,[149-2][264-2][320-2];5251.98097041,[264-2][320-2][461-2];4067.72348209,[176-2][264-2][320-2];3770.66394255
1,5251.98097041,54.2591957039,3314.25439453,54.6836199723,75,0[149-2][264-2][320-2];5251.98097041,[149-2][264-2][320-2];5251.98097041,[264-2][320-2][461-2];4067.72348209,[176-2][264-2][320-2];3770.66394255
0,123.876890893,0.204661388488,44.7692451477,0.523279478595,305,-1[149-2][264-2][320-2];5251.98097041,[21-2][196-2][248-2];123.876890893,[102-2][227-2][240-2];115.077526457,[33-2][175-2][300-2];110.582022943
0,130.088071842,4.97811141663,49.8326797485,0.849860520608,301,-1[149-2][264-2][320-2];5251.98097041,[36-2][264-2][433-2];130.088071842,[186-2][467-2][508-2];127.703691326,[21-2][196-2][248-2];123.876890893
0,130.088071842,6.83739022927,55.9999732971,0.975202455822,301,-1[149-2][264-2][320-2];5251.98097041,[36-2][264-2][433-2];130.088071842,[186-2][467-2][508-2];127.703691326,[21-2][196-2][248-2];123.876890893
0,130.088071842,6.83739022927,58.4862594604,1.33009769149,287,-1[149-2][264-2][320-2];5251.98097041,[36-2][264-2][433-2];130.088071842,[186-2][467-2][508-2];127.703691326,[137-2][264-2][433-2];124.48870971
0,146.374472685,10.5454306843,60.8356437683,1.25060903994,296,-1[149-2][264-2][320-2];5251.98097041,[36-2][264-2][473-2];146.374472685,[36-2][264-2][433-2];130.088071842,[29-2][264-2][492-2];129.058356873
0,1352.27801944,7.44181508781,71.6407775879,1.31462607331,277,-1[149-2][264-2][320-2];5251.98097041,[149-2][264-2][433-2];1352.27801944,[21-2][36-2][264-2];179.455503194,[181-2][264-2][548-2];174.155166663
0,1352.27801944,8.9813181507,135.282363892,10.0312160233,279,-1[149-2][264-2][320-2];5251.98097041,[149-2][264-2][433-2];1352.27801944,[149-2][264-2][573-2];1029.19744698,[149-2][264-2][392-2];985.898680491
0,1856.25664993,8.9813181507,497.803649902,23.2731481617,210,-1[149-2][264-2][320-2];5251.98097041,[149-2][264-2][409-2];1856.25664993,[149-2][264-2][467-2];1640.91690326,[149-2][264-2][391-2];1419.22092767
0,1856.25664993,0.866635950599,1005.72680664,11.3748535518,111,-1[149-2][264-2][320-2];5251.98097041,[149-2][264-2][409-2];1856.25664993,[149-2][264-2][467-2];1640.91690326,[149-2][264-2][391-2];1419.22092767
0,1856.25664993,8.29075389187,1099.41479492,16.6062177754,94,-1[149-2][264-2][320-2];5251.98097041,[149-2][264-2][409-2];1856.25664993,[149-2][264-2][467-2];1640.91690326,[149-2][264-2][307-2];1493.65059401
0,1856.25664993,18.8370369523,1134.62988281,15.0844586959,102,-1[149-2][264-2][320-2];5251.98097041,[149-2][264-2][409-2];1856.25664993,[149-2][264-2][467-2];1640.91690326,[149-2][264-2][307-2];1493.65059401
0,1856.25664993,23.8357222209,1141.26525879,14.2844972178,103,-1[149-2][264-2][320-2];5251.98097041,[149-2][264-2][409-2];1856.25664993,[149-2][264-2][467-2];1640.91690326,[149-2][264-2][307-2];1493.65059401
0,1987.80545382,20.0018771353,1175.50463867,11.4869498443,97,-1[149-2][264-2][320-2];5251.98097041,[149-2][264-2][525-2];1987.80545382,[149-2][264-2][409-2];1856.25664993,[149-2][264-2][357-2];1690.16595284
0,1987.80545382,3.57830107849,1137.63098145,14.917557217,108,-1[149-2][264-2][320-2];5251.98097041,[149-2][264-2][525-2];1987.80545382,[149-2][264-2][409-2];1856.25664993,[149-2][264-2][357-2];1690.16595284
0,1987.80545382,3.57830107849,1161.97937012,19.1401523406,109,-1[149-2][264-2][320-2];5251.98097041,[149-2][264-2][525-2];1987.80545382,[62-2][149-2][264-2];1903.91599208,[149-2][264-2][409-2];1856.25664993
0,1987.80545382,3.9537604662,1190.90783691,18.4611967952,104,-1[149-2][264-2][320-2];5251.98097041,[149-2][264-2][525-2];1987.80545382,[62-2][149-2][264-2];1903.91599208,[149-2][264-2][409-2];1856.25664993
1,1987.80545382,17.763256986,1161.61621094,13.2497324342,106,-1[149-2][264-2][320-2];5251.98097041,[149-2][264-2][525-2];1987.80545382,[62-2][149-2][264-2];1903.91599208,[149-2][264-2][409-2];1856.25664993
1,5251.98097041,14.7280841956,1220.5802002,23.1408919379,102,0[149-2][264-2][320-2];5251.98097041,[149-2][264-2][320-2];5251.98097041,[149-2][264-2][525-2];1987.80545382,[62-2][149-2][264-2];1903.91599208
1,5251.98097041,25.2616225563,1252.90576172,31.7931617049,103,0[149-2][264-2][320-2];5251.98097041,[149-2][264-2][320-2];5251.98097041,[149-2][264-2][525-2];1987.80545382,[62-2][149-2][264-2];1903.91599208
1,5251.98097041,8.25511184489,1412.03198242,38.9435650267,107,0[149-2][264-2][320-2];5251.98097041,[149-2][264-2][320-2];5251.98097041,[149-2][264-2][525-2];1987.80545382,[62-2][149-2][264-2];1903.91599208
1,5251.98097041,8.25511184489,1665.69921875,53.8792760316,111,0[149-2][264-2][320-2];5251.98097041,[149-2][264-2][320-2];5251.98097041,[149-2][264-2][525-2];1987.80545382,[62-2][149-2][264-2];1903.91599208
1,5251.98097041,8.25511184489,2246.07104492,63.5565824443,109,0[149-2][264-2][320-2];5251.98097041,[149-2][264-2][320-2];5251.98097041,[149-2][264-2][525-2];1987.80545382,[62-2][149-2][264-2];1903.91599208
1,5251.98097041,17.3339549691,3380.12524414,77.3768338298,80,0[149-2][264-2][320-2];5251.98097041,[149-2][264-2][320-2];5251.98097041,[149-2][264-2][525-2];1987.80545382,[62-2][149-2][264-2];1903.91599208
1,5251.98097041,29.4648421576,3870.08496094,86.3822078275,75,0[149-2][264-2][320-2];5251.98097041,[149-2][264-2][320-2];5251.98097041,[49-2][264-2][320-2];2327.10827795,[264-2][320-2][482-2];2131.77792426
1,5251.98097041,29.4648421576,4085.93847656,61.6080673238,76,0[149-2][264-2][320-2];5251.98097041,[149-2][264-2][320-2];5251.98097041,[264-2][320-2][493-2];2408.59182385,[49-2][264-2][320-2];2327.10827795
1,5251.98097041,30.7858147089,4198.06982422,72.5777111896,79,0[149-2][264-2][320-2];5251.98097041,[149-2][264-2][320-2];5251.98097041,[264-2][320-2][493-2];2408.59182385,[49-2][264-2][320-2];2327.10827795
1,5251.98097041,30.7858147089,4274.84960938,73.631792841,73,0[149-2][264-2][320-2];5251.98097041,[149-2][264-2][320-2];5251.98097041,[264-2][320-2][493-2];2408.59182385,[49-2][264-2][320-2];2327.10827795
1,5251.98097041,21.4906130651,4283.76171875,70.0103829649,74,0[149-2][264-2][320-2];5251.98097041,[149-2][264-2][320-2];5251.98097041,[264-2][320-2][480-2];2681.56701848,[264-2][320-2][493-2];2408.59182385
1,5251.98097041,35.0586941284,4335.17138672,74.4292865717,73,0[149-2][264-2][320-2];5251.98097041,[149-2][264-2][320-2];5251.98097041,[264-2][320-2][480-2];2681.56701848,[147-2][264-2][320-2];2631.9380002
1,5251.98097041,25.6368286367,4427.73242188,53.8412188134,66,0[149-2][264-2][320-2];5251.98097041,[149-2][264-2][320-2];5251.98097041,[264-2][320-2][480-2];2681.56701848,[147-2][264-2][320-2];2631.9380002
1,5251.98097041,91.4290549856,4306.96875,47.4533231389,70,0[149-2][264-2][320-2];5251.98097041,[149-2][264-2][320-2];5251.98097041,[264-2][320-2][480-2];2681.56701848,[147-2][264-2][320-2];2631.9380002
1,5251.98097041,32.9900162825,4373.3203125,52.5068514458,63,0[149-2][264-2][320-2];5251.98097041,[149-2][264-2][320-2];5251.98097041,[264-2][320-2][480-2];2681.56701848,[147-2][264-2][320-2];2631.9380002
1,5251.98097041,31.1843363566,4530.16162109,39.3712088238,55,0[149-2][264-2][320-2];5251.98097041,[149-2][264-2][320-2];5251.98097041,[264-2][320-2][480-2];2681.56701848,[147-2][264-2][320-2];2631.9380002
1,5251.98097041,55.3946502296,4367.84082031,50.6246073171,70,0[149-2][264-2][320-2];5251.98097041,[149-2][264-2][320-2];5251.98097041,[56-2][264-2][320-2];3282.69404164,[264-2][320-2][480-2];2681.56701848
1,5251.98097041,39.5827180789,4407.1796875,52.7907486931,66,0[149-2][264-2][320-2];5251.98097041,[149-2][264-2][320-2];5251.98097041,[56-2][264-2][320-2];3282.69404164,[264-2][320-2][480-2];2681.56701848
1,5251.98097041,78.4334837473,4361.95996094,48.4479206212,67,0[149-2][264-2][320-2];5251.98097041,[149-2][264-2][320-2];5251.98097041,[56-2][264-2][320-2];3282.69404164,[264-2][320-2][480-2];2681.56701848
1,5251.98097041,78.4334837473,4447.92431641,47.1385626308,64,0[149-2][264-2][320-2];5251.98097041,[149-2][264-2][320-2];5251.98097041,[56-2][264-2][320-2];3282.69404164,[264-2][320-2][480-2];2681.56701848
1,5251.98097041,0.175453427077,2571.80322266,112.908829598,182,0[149-2][264-2][320-2];5251.98097041,[149-2][264-2][320-2];5251.98097041,[56-2][264-2][320-2];3282.69404164,[264-2][320-2][480-2];2681.56701848
1,5251.98097041,14.6923177991,4466.94921875,61.7720009457,58,0[149-2][264-2][320-2];5251.98097041,[149-2][264-2][320-2];5251.98097041,[56-2][264-2][320-2];3282.69404164,[264-2][320-2][480-2];2681.56701848
1,5251.98097041,19.5602042093,4347.43847656,52.892961607,68,0[149-2][264-2][320-2];5251.98097041,[149-2][264-2][320-2];5251.98097041,[56-2][264-2][320-2];3282.69404164,[264-2][320-2][480-2];2681.56701848
1,5251.98097041,33.7376527412,4375.46923828,53.0537818062,65,0[149-2][264-2][320-2];5251.98097041,[149-2][264-2][320-2];5251.98097041,[176-2][264-2][320-2];3770.66394255,[56-2][264-2][320-2];3282.69404164
1,5251.98097041,74.0183188504,4312.70507813,48.1144137107,69,0[149-2][264-2][320-2];5251.98097041,[149-2][264-2][320-2];5251.98097041,[176-2][264-2][320-2];3770.66394255,[56-2][264-2][320-2];3282.69404164
1,5251.98097041,82.6011708401,4533.01025391,59.98567586,56,0[149-2][264-2][320-2];5251.98097041,[149-2][264-2][320-2];5251.98097041,[176-2][264-2][320-2];3770.66394255,[56-2][264-2][320-2];3282.69404164
1,5251.98097041,35.0586941284,4414.73535156,61.5418590454,60,0[149-2][264-2][320-2];5251.98097041,[149-2][264-2][320-2];5251.98097041,[176-2][264-2][320-2];3770.66394255,[56-2][264-2][320-2];3282.69404164
1,5251.98097041,37.9656160185,4446.34375,73.7065702875,56,0[149-2][264-2][320-2];5251.98097041,[149-2][264-2][320-2];5251.98097041,[176-2][264-2][320-2];3770.66394255,[56-2][264-2][320-2];3282.69404164
1,5251.98097041,71.2706828147,4379.07128906,46.5564568298,67,0[149-2][264-2][320-2];5251.98097041,[149-2][264-2][320-2];5251.98097041,[264-2][320-2][461-2];4067.72348209,[176-2][264-2][320-2];3770.66394255
1,5251.98097041,79.0842571799,4393.53808594,66.5629292433,68,0[149-2][264-2][320-2];5251.98097041,[149-2][264-2][320-2];5251.98097041,[264-2][320-2][461-2];4067.72348209,[176-2][264-2][320-2];3770.66394255
1,5251.98097041,71.3271369015,4266.48535156,49.8803897096,72,0[149-2][264-2][320-2];5251.98097041,[149-2][264-2][320-2];5251.98097041,[264-2][320-2][461-2];4067.72348209,[176-2][264-2][320-2];3770.66394255
1,5251.98097041,44.3863741397,4259.29101563,71.7039319404,72,0[149-2][264-2][320-2];5251.98097041,[149-2][264-2][320-2];5251.98097041,[264-2][320-2][461-2];4067.72348209,[176-2][264-2][320-2];3770.66394255
1,5251.98097041,66.2828938126,4279.15039063,66.126399242,72,0[149-2][264-2][320-2];5251.98097041,[149-2][264-2][320-2];5251.98097041,[264-2][320-2][461-2];4067.72348209,[176-2][264-2][320-2];3770.66394255
1,5251.98097041,39.3745483104,4425.22802734,38.5380436628,60,0[149-2][264-2][320-2];5251.98097041,[149-2][264-2][320-2];5251.98097041,[264-2][320-2][461-2];4067.72348209,[176-2][264-2][320-2];3770.66394255
1,5251.98097041,70.6650253175,4463.08398438,44.4504706308,59,0[149-2][264-2][320-2];5251.98097041,[149-2][264-2][320-2];5251.98097041,[264-2][320-2][461-2];4067.72348209,[176-2][264-2][320-2];3770.66394255
1,5251.98097041,78.9331711162,4466.57470703,62.6974407944,61,0[149-2][264-2][320-2];5251.98097041,[149-2][264-2][320-2];5251.98097041,[264-2][320-2][461-2];4067.72348209,[176-2][264-2][320-2];3770.66394255
1,5251.98097041,66.4861213461,4319.20996094,47.2250128251,69,0[149-2][264-2][320-2];5251.98097041,[149-2][264-2][320-2];5251.98097041,[264-2][320-2][461-2];4067.72348209,[176-2][264-2][320-2];3770.66394255
2,5251.98097041,20.2734618842,4383.95214844,47.2042330603,63,0[149-2][264-2][320-2];5251.98097041,[149-2][264-2][320-2];5251.98097041,[264-2][320-2][461-2];4067.72348209,[176-2][264-2][320-2];3770.66394255
2,5251.98097041,28.9796613603,4405.73583984,73.5881319627,68,0[149-2][264-2][320-2];5251.98097041,[149-2][264-2][320-2];5251.98097041,[264-2][320-2][461-2];4067.72348209,[176-2][264-2][320-2];3770.66394255
2,5251.98097041,28.9796613603,4415.7421875,67.0678262221,65,0[149-2][264-2][320-2];5251.98097041,[149-2][264-2][320-2];5251.98097041,[264-2][320-2][461-2];4067.72348209,[176-2][264-2][320-2];3770.66394255
2,5251.98097041,0,2590.2644043,111.793052906,182,0[149-2][264-2][320-2];5251.98097041,[149-2][264-2][320-2];5251.98097041,[264-2][320-2][461-2];4067.72348209,[176-2][264-2][320-2];3770.66394255
2,5251.98097041,8.29376008168,4656.07958984,65.9982633354,48,0[149-2][264-2][320-2];5251.98097041,[149-2][264-2][320-2];5251.98097041,[264-2][320-2][461-2];4067.72348209,[176-2][264-2][320-2];3770.66394255
2,5251.98097041,52.3094112427,4437.88134766,61.8451727966,65,0[149-2][264-2][320-2];5251.98097041,[149-2][264-2][320-2];5251.98097041,[264-2][320-2][461-2];4067.72348209,[176-2][264-2][320-2];3770.66394255
2,5251.98097041,50.2995798713,4517.1640625,35.2719801073,59,0[149-2][264-2][320-2];5251.98097041,[149-2][264-2][320-2];5251.98097041,[264-2][320-2][461-2];4067.72348209,[176-2][264-2][320-2];3770.66394255
2,5251.98097041,79.5369440578,4290.45410156,78.1862292033,77,0[149-2][264-2][320-2];5251.98097041,[149-2][264-2][320-2];5251.98097041,[264-2][320-2][461-2];4067.72348209,[176-2][264-2][320-2];3770.66394255
2,5251.98097041,17.3587257962,4247.64941406,56.0358743051,76,0[149-2][264-2][320-2];5251.98097041,[149-2][264-2][320-2];5251.98097041,[264-2][320-2][461-2];4067.72348209,[176-2][264-2][320-2];3770.66394255
2,5251.98097041,79.8583813034,4461.71923828,63.2506351879,63,0[149-2][264-2][320-2];5251.98097041,[149-2][264-2][320-2];5251.98097041,[264-2][320-2][461-2];4067.72348209,[176-2][264-2][320-2];3770.66394255
2,5251.98097041,80.0238961413,4274.58837891,65.9512626876,75,0[149-2][264-2][320-2];5251.98097041,[149-2][264-2][320-2];5251.98097041,[264-2][320-2][461-2];4067.72348209,[176-2][264-2][320-2];3770.66394255
2,5251.98097041,73.3064360042,4318.42773438,78.6640604228,66,0[149-2][264-2][320-2];5251.98097041,[149-2][264-2][320-2];5251.98097041,[264-2][320-2][461-2];4067.72348209,[176-2][264-2][320-2];3770.66394255
0,145.209250674,3.15296992321,51.4715003967,1.07684210379,301,-1[149-2][264-2][320-2];5251.98097041,[11-2][39-2][264-2];145.209250674,[27-2][39-2][264-2];138.268209754,[363-2][364-2][388-2];133.834774646
0,183.84597159,4.5933168176,65.0108566284,1.23668221415,290,-1[149-2][264-2][320-2];5251.98097041,[39-2][264-2][314-2];183.84597159,[39-2][117-2][264-2];170.960172163,[39-2][165-2][264-2];169.898458904
0,1429.15795408,4.5933168176,95.1305465698,5.66443965879,263,-1[149-2][264-2][320-2];5251.98097041,[53-2][264-2][320-2];1429.15795408,[264-2][316-2][320-2];1399.18178978,[39-2][264-2][325-2];225.94894268
0,2068.21470529,4.5933168176,185.269439697,13.061784718,276,-1[149-2][264-2][320-2];5251.98097041,[264-2][277-2][320-2];2068.21470529,[264-2][320-2][578-2];1920.43434864,[264-2][320-2][569-2];1752.98632505
0,3770.66394255,4.5933168176,534.453857422,28.8406252264,243,-1[149-2][264-2][320-2];5251.98097041,[176-2][264-2][320-2];3770.66394255,[209-2][264-2][320-2];2844.79410893,[264-2][277-2][320-2];2068.21470529
0,3770.66394255,4.5933168176,1140.68676758,32.4301561391,161,-1[149-2][264-2][320-2];5251.98097041,[176-2][264-2][320-2];3770.66394255,[209-2][264-2][320-2];2844.79410893,[264-2][320-2][556-2];2177.22035591
0,3770.66394255,18.2127719027,1383.73352051,19.6866362263,146,-1[149-2][264-2][320-2];5251.98097041,[176-2][264-2][320-2];3770.66394255,[209-2][264-2][320-2];2844.79410893,[264-2][320-2][556-2];2177.22035591
0,3770.66394255,18.2127719027,1572.00463867,39.6659717236,155,-1[149-2][264-2][320-2];5251.98097041,[176-2][264-2][320-2];3770.66394255,[195-2][264-2][320-2];3355.51898001,[209-2][264-2][320-2];2844.79410893
0,3770.66394255,24.1258822187,1758.74389648,49.9951395182,164,-1[149-2][264-2][320-2];5251.98097041,[176-2][264-2][320-2];3770.66394255,[195-2][264-2][320-2];3355.51898001,[209-2][264-2][320-2];2844.79410893
0,3770.66394255,19.5556436307,1990.31408691,55.844741076,149,-1[149-2][264-2][320-2];5251.98097041,[176-2][264-2][320-2];3770.66394255,[195-2][264-2][320-2];3355.51898001,[264-2][320-2][507-2];2888.97218048
0,4067.72348209,0.2623156873,2118.31616211,52.742256331,150,-1[149-2][264-2][320-2];5251.98097041,[264-2][320-2][461-2];4067.72348209,[176-2][264-2][320-2];3770.66394255,[195-2][264-2][320-2];3355.51898001
0,4067.72348209,10.6339463162,2439.53295898,40.317892252,128,-1[149-2][264-2][320-2];5251.98097041,[264-2][320-2][461-2];4067.72348209,[176-2][264-2][320-2];3770.66394255,[195-2][264-2][320-2];3355.51898001
0,4067.72348209,74.1934414734,2594.00317383,49.3776858703,114,-1[149-2][264-2][320-2];5251.98097041,[264-2][320-2][461-2];4067.72348209,[176-2][264-2][320-2];3770.66394255,[195-2][264-2][320-2];3355.51898001
0,4067.72348209,73.7991461408,2802.29760742,53.4894777914,100,-1[149-2][264-2][320-2];5251.98097041,[264-2][320-2][461-2];4067.72348209,[176-2][264-2][320-2];3770.66394255,[195-2][264-2][320-2];3355.51898001
0,4067.72348209,40.8713565641,2905.09692383,48.7187709284,90,-1[149-2][264-2][320-2];5251.98097041,[264-2][320-2][461-2];4067.72348209,[176-2][264-2][320-2];3770.66394255,[195-2][264-2][320-2];3355.51898001
0,4067.72348209,11.1364045527,2931.91186523,35.5668703595,88,-1[149-2][264-2][320-2];5251.98097041,[264-2][320-2][461-2];4067.72348209,[176-2][264-2][320-2];3770.66394255,[264-2][296-2][320-2];3699.35660378
0,4067.72348209,23.7074179152,2907.97558594,54.051579251,93,-1[149-2][264-2][320-2];5251.98097041,[264-2][320-2][461-2];4067.72348209,[176-2][264-2][320-2];3770.66394255,[264-2][296-2][320-2];3699.35660378
0,5251.98097041,43.1160105574,2881.84472656,62.1294560905,96,0[149-2][264-2][320-2];5251.98097041,[149-2][264-2][320-2];5251.98097041,[264-2][320-2][461-2];4067.72348209,[176-2][264-2][320-2];3770.66394255
0,5251.98097041,72.0992246097,3108.9284668,48.3553060392,71,0[149-2][264-2][320-2];5251.98097041,[149-2][264-2][320-2];5251.98097041,[264-2][320-2][461-2];4067.72348209,[176-2][264-2][320-2];3770.66394255
1,5251.98097041,68.5073475645,3087.85400391,33.6073985663,76,0[149-2][264-2][320-2];5251.98097041,[149-2][264-2][320-2];5251.98097041,[264-2][320-2][461-2];4067.72348209,[176-2][264-2][320-2];3770.66394255
1,5251.98097041,74.0879777752,3156.78295898,47.1330941169,71,0[149-2][264-2][320-2];5251.98097041,[149-2][264-2][320-2];5251.98097041,[264-2][320-2][461-2];4067.72348209,[176-2][264-2][320-2];3770.66394255
1,5251.98097041,39.2921977864,3054.08203125,51.8464369238,83,0[149-2][264-2][320-2];5251.98097041,[149-2][264-2][320-2];5251.98097041,[264-2][320-2][461-2];4067.72348209,[176-2][264-2][320-2];3770.66394255
1,5251.98097041,4.81954735484,3094.78173828,58.1195167976,81,0[149-2][264-2][320-2];5251.98097041,[149-2][264-2][320-2];5251.98097041,[264-2][320-2][461-2];4067.72348209,[176-2][264-2][320-2];3770.66394255
1,5251.98097041,4.81954735484,3088.70849609,52.7684956723,80,0[149-2][264-2][320-2];5251.98097041,[149-2][264-2][320-2];5251.98097041,[264-2][320-2][461-2];4067.72348209,[176-2][264-2][320-2];3770.66394255
1,5251.98097041,8.46464025045,3141.22119141,52.6825792993,84,0[149-2][264-2][320-2];5251.98097041,[149-2][264-2][320-2];5251.98097041,[264-2][320-2][461-2];4067.72348209,[176-2][264-2][320-2];3770.66394255
1,5251.98097041,2.64131331613,3275.49462891,56.4097276305,77,0[149-2][264-2][320-2];5251.98097041,[149-2][264-2][320-2];5251.98097041,[264-2][320-2][461-2];4067.72348209,[176-2][264-2][320-2];3770.66394255
1,5251.98097041,29.3471355488,3337.7878418,37.4812208043,85,0[149-2][264-2][320-2];5251.98097041,[149-2][264-2][320-2];5251.98097041,[264-2][320-2][461-2];4067.72348209,[176-2][264-2][320-2];3770.66394255
1,5251.98097041,29.3471355488,3362.81347656,57.390343235,83,0[149-2][264-2][320-2];5251.98097041,[149-2][264-2][320-2];5251.98097041,[264-2][320-2][461-2];4067.72348209,[176-2][264-2][320-2];3770.66394255
1,5251.98097041,78.9046061649,3598.62280273,63.8253403464,67,0[149-2][264-2][320-2];5251.98097041,[149-2][264-2][320-2];5251.98097041,[264-2][320-2][461-2];4067.72348209,[176-2][264-2][320-2];3770.66394255
1,5251.98097041,78.9331711162,3653.29589844,42.6519190864,68,0[149-2][264-2][320-2];5251.98097041,[149-2][264-2][320-2];5251.98097041,[264-2][320-2][461-2];4067.72348209,[176-2][264-2][320-2];3770.66394255
1,5251.98097041,66.1262144007,3562.91625977,64.8805486125,78,0[149-2][264-2][320-2];5251.98097041,[149-2][264-2][320-2];5251.98097041,[264-2][320-2][461-2];4067.72348209,[176-2][264-2][320-2];3770.66394255
0,134.955925423,0,47.5528526306,1.10013761751,305,-1[149-2][264-2][320-2];5251.98097041,[264-2][353-2][364-2];134.955925423,[249-2][264-2][561-2];132.474160391,[92-2][320-2][552-2];131.247678572
0,1920.43434864,5.11468464225,70.8325881958,1.29739091714,302,-1[149-2][264-2][320-2];5251.98097041,[264-2][320-2][578-2];1920.43434864,[264-2][320-2][561-2];1686.98575561,[249-2][264-2][363-2];171.3072002
0,2631.72953941,10.0232136865,254.819519043,21.6599772024,288,-1[149-2][264-2][320-2];5251.98097041,[264-2][320-2][544-2];2631.72953941,[264-2][320-2][574-2];2189.19227802,[264-2][320-2][578-2];1920.43434864
0,2631.72953941,3.15401066773,1227.72460938,34.9382070605,147,-1[149-2][264-2][320-2];5251.98097041,[264-2][320-2][544-2];2631.72953941,[264-2][320-2][574-2];2189.19227802,[264-2][277-2][320-2];2068.21470529
0,2631.72953941,3.15401066773,1648.63549805,28.2048742625,92,-1[149-2][264-2][320-2];5251.98097041,[264-2][320-2][544-2];2631.72953941,[49-2][264-2][320-2];2327.10827795,[264-2][320-2][574-2];2189.19227802
0,2798.8362435,11.3891158221,1669.80383301,18.5578120003,93,-1[149-2][264-2][320-2];5251.98097041,[264-2][320-2][381-2];2798.8362435,[264-2][320-2][544-2];2631.72953941,[49-2][264-2][320-2];2327.10827795
0,2798.8362435,23.9287807489,1686.11035156,31.5696168223,105,-1[149-2][264-2][320-2];5251.98097041,[264-2][320-2][381-2];2798.8362435,[264-2][320-2][544-2];2631.72953941,[49-2][264-2][320-2];2327.10827795
0,3355.51898001,12.4265689951,1793.86096191,36.9239619526,109,-1[149-2][264-2][320-2];5251.98097041,[195-2][264-2][320-2];3355.51898001,[264-2][320-2][381-2];2798.8362435,[264-2][320-2][544-2];2631.72953941
0,5251.98097041,35.1919601237,1893.5489502,22.4365777718,104,0[149-2][264-2][320-2];5251.98097041,[149-2][264-2][320-2];5251.98097041,[195-2][264-2][320-2];3355.51898001,[264-2][320-2][381-2];2798.8362435
0,5251.98097041,48.2004929832,1886.94396973,39.2349279725,113,0[149-2][264-2][320-2];5251.98097041,[149-2][264-2][320-2];5251.98097041,[195-2][264-2][320-2];3355.51898001,[264-2][320-2][381-2];2798.8362435
0,5251.98097041,12.8982205752,1899.8972168,40.1228630206,122,0[149-2][264-2][320-2];5251.98097041,[149-2][264-2][320-2];5251.98097041,[195-2][264-2][320-2];3355.51898001,[56-2][264-2][320-2];3282.69404164
0,5251.98097041,29.3513799277,1866.6204834,42.0557886252,134,0[149-2][264-2][320-2];5251.98097041,[149-2][264-2][320-2];5251.98097041,[195-2][264-2][320-2];3355.51898001,[56-2][264-2][320-2];3282.69404164
0,5251.98097041,24.1546968343,2024.16931152,36.7632389435,115,0[149-2][264-2][320-2];5251.98097041,[149-2][264-2][320-2];5251.98097041,[195-2][264-2][320-2];3355.51898001,[56-2][264-2][320-2];3282.69404164
0,5251.98097041,20.6550269194,2098.79052734,43.0388430685,111,0[149-2][264-2][320-2];5251.98097041,[149-2][264-2][320-2];5251.98097041,[195-2][264-2][320-2];3355.51898001,[56-2][264-2][320-2];3282.69404164
1,5251.98097041,37.8628040568,2034.2767334,45.8982525867,121,0[149-2][264-2][320-2];5251.98097041,[149-2][264-2][320-2];5251.98097041,[195-2][264-2][320-2];3355.51898001,[56-2][264-2][320-2];3282.69404164
1,5251.98097041,10.1334293755,2034.22790527,44.3923230493,125,0[149-2][264-2][320-2];5251.98097041,[149-2][264-2][320-2];5251.98097041,[195-2][264-2][320-2];3355.51898001,[56-2][264-2][320-2];3282.69404164
1,5251.98097041,27.2586365928,2155.35009766,50.1307066128,121,0[149-2][264-2][320-2];5251.98097041,[149-2][264-2][320-2];5251.98097041,[195-2][264-2][320-2];3355.51898001,[56-2][264-2][320-2];3282.69404164
1,5251.98097041,27.8593483465,2079.12841797,47.9467811978,129,0[149-2][264-2][320-2];5251.98097041,[149-2][264-2][320-2];5251.98097041,[195-2][264-2][320-2];3355.51898001,[56-2][264-2][320-2];3282.69404164
1,5251.98097041,10.5794241697,2328.33081055,56.5265437863,118,0[149-2][264-2][320-2];5251.98097041,[149-2][264-2][320-2];5251.98097041,[195-2][264-2][320-2];3355.51898001,[56-2][264-2][320-2];3282.69404164
1,5251.98097041,35.2903879381,2244.40698242,44.250672773,142,0[149-2][264-2][320-2];5251.98097041,[149-2][264-2][320-2];5251.98097041,[195-2][264-2][320-2];3355.51898001,[56-2][264-2][320-2];3282.69404164
1,5251.98097041,3.75310046522,2348.44482422,43.619807025,133,0[149-2][264-2][320-2];5251.98097041,[149-2][264-2][320-2];5251.98097041,[195-2][264-2][320-2];3355.51898001,[56-2][264-2][320-2];3282.69404164
1,5251.98097041,3.75310046522,2412.90063477,61.4545753762,133,0[149-2][264-2][320-2];5251.98097041,[149-2][264-2][320-2];5251.98097041,[195-2][264-2][320-2];3355.51898001,[56-2][264-2][320-2];3282.69404164
1,5251.98097041,18.8329889285,2951.80322266,55.9876732603,125,0[149-2][264-2][320-2];5251.98097041,[149-2][264-2][320-2];5251.98097041,[195-2][264-2][320-2];3355.51898001,[56-2][264-2][320-2];3282.69404164
1,5251.98097041,31.7126419178,3268.84545898,76.2135812628,122,0[149-2][264-2][320-2];5251.98097041,[149-2][264-2][320-2];5251.98097041,[195-2][264-2][320-2];3355.51898001,[56-2][264-2][320-2];3282.69404164
1,5251.98097041,31.793492587,3605.8515625,89.3197816065,107,0[149-2][264-2][320-2];5251.98097041,[149-2][264-2][320-2];5251.98097041,[195-2][264-2][320-2];3355.51898001,[56-2][264-2][320-2];3282.69404164
1,5251.98097041,14.910862778,3845.46923828,77.7631731899,96,0[149-2][264-2][320-2];5251.98097041,[149-2][264-2][320-2];5251.98097041,[264-2][296-2][320-2];3699.35660378,[195-2][264-2][320-2];3355.51898001
1,5251.98097041,15.2712195321,4284.49365234,64.6421972697,72,0[149-2][264-2][320-2];5251.98097041,[149-2][264-2][320-2];5251.98097041,[264-2][296-2][320-2];3699.35660378,[195-2][264-2][320-2];3355.51898001
1,5251.98097041,14.6923177991,4301.58935547,65.2831367584,73,0[149-2][264-2][320-2];5251.98097041,[149-2][264-2][320-2];5251.98097041,[264-2][296-2][320-2];3699.35660378,[195-2][264-2][320-2];3355.51898001
1,5251.98097041,0,2585.45263672,106.488628448,182,0[149-2][264-2][320-2];5251.98097041,[149-2][264-2][320-2];5251.98097041,[264-2][296-2][320-2];3699.35660378,[195-2][264-2][320-2];3355.51898001
1,5251.98097041,0,4569.86035156,64.4926698777,54,0[149-2][264-2][320-2];5251.98097041,[149-2][264-2][320-2];5251.98097041,[264-2][296-2][320-2];3699.35660378,[195-2][264-2][320-2];3355.51898001
1,5251.98097041,27.8593483465,4316.57519531,48.6797077136,70,0[149-2][264-2][320-2];5251.98097041,[149-2][264-2][320-2];5251.98097041,[264-2][296-2][320-2];3699.35660378,[195-2][264-2][320-2];3355.51898001
1,5251.98097041,38.5725866545,4388.71826172,65.5424342375,69,0[149-2][264-2][320-2];5251.98097041,[149-2][264-2][320-2];5251.98097041,[264-2][296-2][320-2];3699.35660378,[195-2][264-2][320-2];3355.51898001
1,5251.98097041,22.0687738161,4331.90478516,82.5634301977,71,0[149-2][264-2][320-2];5251.98097041,[149-2][264-2][320-2];5251.98097041,[264-2][296-2][320-2];3699.35660378,[195-2][264-2][320-2];3355.51898001
1,5251.98097041,97.4246738937,4239.17041016,69.8903273954,81,0[149-2][264-2][320-2];5251.98097041,[149-2][264-2][320-2];5251.98097041,[176-2][264-2][320-2];3770.66394255,[264-2][296-2][320-2];3699.35660378
1,5251.98097041,39.333619249,4102.984375,75.9646403643,84,0[149-2][264-2][320-2];5251.98097041,[149-2][264-2][320-2];5251.98097041,[176-2][264-2][320-2];3770.66394255,[264-2][296-2][320-2];3699.35660378
1,5251.98097041,20.5840079715,4306.03857422,82.2926886802,72,0[149-2][264-2][320-2];5251.98097041,[149-2][264-2][320-2];5251.98097041,[176-2][264-2][320-2];3770.66394255,[264-2][296-2][320-2];3699.35660378
1,5251.98097041,35.0586941284,4380.81640625,63.7012132328,64,0[149-2][264-2][320-2];5251.98097041,[149-2][264-2][320-2];5251.98097041,[176-2][264-2][320-2];3770.66394255,[264-2][296-2][320-2];3699.35660378
1,5251.98097041,67.4978601835,4364.39453125,65.8056006731,67,0[149-2][264-2][320-2];5251.98097041,[149-2][264-2][320-2];5251.98097041,[176-2][264-2][320-2];3770.66394255,[264-2][296-2][320-2];3699.35660378
1,5251.98097041,60.148808224,4416.51074219,61.2408869919,65,0[149-2][264-2][320-2];5251.98097041,[149-2][264-2][320-2];5251.98097041,[176-2][264-2][320-2];3770.66394255,[264-2][296-2][320-2];3699.35660378
1,5251.98097041,22.0561607406,4369.16308594,44.1559311545,69,0[149-2][264-2][320-2];5251.98097041,[149-2][264-2][320-2];5251.98097041,[176-2][264-2][320-2];3770.66394255,[264-2][296-2][320-2];3699.35660378
1,5251.98097041,16.5569909677,4536.48583984,54.8847454324,57,0[149-2][264-2][320-2];5251.98097041,[149-2][264-2][320-2];5251.98097041,[176-2][264-2][320-2];3770.66394255,[264-2][296-2][320-2];3699.35660378
1,5251.98097041,83.1401780105,4415.40917969,62.753391859,63,0[149-2][264-2][320-2];5251.98097041,[149-2][264-2][320-2];5251.98097041,[176-2][264-2][320-2];3770.66394255,[264-2][296-2][320-2];3699.35660378
1,5251.98097041,44.3863741397,4345.37304688,48.4328673564,68,0[149-2][264-2][320-2];5251.98097041,[149-2][264-2][320-2];5251.98097041,[176-2][264-2][320-2];3770.66394255,[264-2][296-2][320-2];3699.35660378
1,5251.98097041,26.9257138515,4459.78662109,70.4525486182,61,0[149-2][264-2][320-2];5251.98097041,[149-2][264-2][320-2];5251.98097041,[176-2][264-2][320-2];3770.66394255,[264-2][296-2][320-2];3699.35660378
0,202.346033952,3.97038453526,50.9351234436,1.17855806492,300,-1[149-2][264-2][320-2];5251.98097041,[264-2][280-2][392-2];202.346033952,[17-2][264-2][280-2];194.442019994,[9-2][244-2][247-2];141.732718066
0,1541.54296569,3.97038453526,75.4417419434,5.19216941461,292,-1[149-2][264-2][320-2];5251.98097041,[117-2][264-2][320-2];1541.54296569,[149-2][264-2][392-2];985.898680491,[264-2][280-2][392-2];202.346033952
1,2070.61160148,13.4306457402,182.151016235,13.4605482073,269,-1[149-2][264-2][320-2];5251.98097041,[26-2][264-2][320-2];2070.61160148,[264-2][280-2][320-2];1689.58984642,[117-2][264-2][320-2];1541.54296569
1,5251.98097041,11.11858049,808.192382813,26.7629847435,179,0[149-2][264-2][320-2];5251.98097041,[149-2][264-2][320-2];5251.98097041,[26-2][264-2][320-2];2070.61160148,[29-2][264-2][320-2];1716.03518892
1,5251.98097041,14.3139625498,1746.72338867,76.2509439376,125,0[149-2][264-2][320-2];5251.98097041,[149-2][264-2][320-2];5251.98097041,[209-2][264-2][320-2];2844.79410893,[49-2][264-2][320-2];2327.10827795
1,5251.98097041,34.1756122201,2894.69555664,84.1084051412,102,0[149-2][264-2][320-2];5251.98097041,[149-2][264-2][320-2];5251.98097041,[195-2][264-2][320-2];3355.51898001,[264-2][320-2][515-2];2998.01389059
1,5251.98097041,19.1692686457,3478.06225586,68.0386785566,98,0[149-2][264-2][320-2];5251.98097041,[149-2][264-2][320-2];5251.98097041,[195-2][264-2][320-2];3355.51898001,[264-2][320-2][515-2];2998.01389059
1,5251.98097041,70.3019916329,4291.01806641,85.5718194363,66,0[149-2][264-2][320-2];5251.98097041,[149-2][264-2][320-2];5251.98097041,[195-2][264-2][320-2];3355.51898001,[264-2][320-2][515-2];2998.01389059
1,5251.98097041,62.8196911272,4308.859375,70.2321864712,71,0[149-2][264-2][320-2];5251.98097041,[149-2][264-2][320-2];5251.98097041,[195-2][264-2][320-2];3355.51898001,[264-2][320-2][515-2];2998.01389059
1,5251.98097041,62.8196911272,4419.21240234,65.3513777437,63,0[149-2][264-2][320-2];5251.98097041,[149-2][264-2][320-2];5251.98097041,[195-2][264-2][320-2];3355.51898001,[264-2][320-2][515-2];2998.01389059
1,5251.98097041,84.2580263523,4549.75390625,36.5512532397,51,0[149-2][264-2][320-2];5251.98097041,[149-2][264-2][320-2];5251.98097041,[195-2][264-2][320-2];3355.51898001,[264-2][320-2][515-2];2998.01389059
1,5251.98097041,47.9059093716,4498.16308594,52.1528161001,57,0[149-2][264-2][320-2];5251.98097041,[149-2][264-2][320-2];5251.98097041,[195-2][264-2][320-2];3355.51898001,[264-2][320-2][515-2];2998.01389059
1,5251.98097041,37.0456867778,4251.11035156,71.2788272779,74,0[149-2][264-2][320-2];5251.98097041,[149-2][264-2][320-2];5251.98097041,[195-2][264-2][320-2];3355.51898001,[264-2][320-2][515-2];2998.01389059
1,5251.98097041,46.1420141571,4210.03759766,47.4302299008,83,0[149-2][264-2][320-2];5251.98097041,[149-2][264-2][320-2];5251.98097041,[195-2][264-2][320-2];3355.51898001,[56-2][264-2][320-2];3282.69404164
1,5251.98097041,46.1420141571,4406.20458984,69.6489819585,63,0[149-2][264-2][320-2];5251.98097041,[149-2][264-2][320-2];5251.98097041,[195-2][264-2][320-2];3355.51898001,[56-2][264-2][320-2];3282.69404164
1,5251.98097041,72.7339614422,4576.28613281,37.6237436424,51,0[149-2][264-2][320-2];5251.98097041,[149-2][264-2][320-2];5251.98097041,[195-2][264-2][320-2];3355.51898001,[56-2][264-2][320-2];3282.69404164
1,5251.98097041,46.1208962798,4471.12548828,47.7906262953,62,0[149-2][264-2][320-2];5251.98097041,[149-2][264-2][320-2];5251.98097041,[195-2][264-2][320-2];3355.51898001,[56-2][264-2][320-2];3282.69404164
1,5251.98097041,56.4240836839,4456.76318359,47.1877395934,62,0[149-2][264-2][320-2];5251.98097041,[149-2][264-2][320-2];5251.98097041,[264-2][296-2][320-2];3699.35660378,[195-2][264-2][320-2];3355.51898001
1,5251.98097041,27.8463972252,4314.42871094,78.5850710394,72,0[149-2][264-2][320-2];5251.98097041,[149-2][264-2][320-2];5251.98097041,[264-2][296-2][320-2];3699.35660378,[195-2][264-2][320-2];3355.51898001
1,5251.98097041,17.3128969248,4253.3515625,57.0470746754,76,0[149-2][264-2][320-2];5251.98097041,[149-2][264-2][320-2];5251.98097041,[264-2][296-2][320-2];3699.35660378,[195-2][264-2][320-2];3355.51898001
1,5251.98097041,17.3128969248,4359.40917969,41.7826624905,65,0[149-2][264-2][320-2];5251.98097041,[149-2][264-2][320-2];5251.98097041,[264-2][296-2][320-2];3699.35660378,[195-2][264-2][320-2];3355.51898001
1,5251.98097041,32.0295755186,4216.41552734,70.8064047637,75,0[149-2][264-2][320-2];5251.98097041,[149-2][264-2][320-2];5251.98097041,[264-2][296-2][320-2];3699.35660378,[195-2][264-2][320-2];3355.51898001
1,5251.98097041,58.0139720444,4094.00805664,73.8543547427,80,0[149-2][264-2][320-2];5251.98097041,[149-2][264-2][320-2];5251.98097041,[264-2][296-2][320-2];3699.35660378,[195-2][264-2][320-2];3355.51898001
1,5251.98097041,0,2585.51269531,81.4634950883,182,0[149-2][264-2][320-2];5251.98097041,[149-2][264-2][320-2];5251.98097041,[264-2][296-2][320-2];3699.35660378,[195-2][264-2][320-2];3355.51898001
1,5251.98097041,14.6923177991,4564.96240234,41.4672258123,54,0[149-2][264-2][320-2];5251.98097041,[149-2][264-2][320-2];5251.98097041,[264-2][296-2][320-2];3699.35660378,[195-2][264-2][320-2];3355.51898001
1,5251.98097041,26.023480584,4448.10644531,58.7116580759,60,0[149-2][264-2][320-2];5251.98097041,[149-2][264-2][320-2];5251.98097041,[264-2][296-2][320-2];3699.35660378,[195-2][264-2][320-2];3355.51898001
1,5251.98097041,83.9921491191,4368.49804688,43.3117899098,69,0[149-2][264-2][320-2];5251.98097041,[149-2][264-2][320-2];5251.98097041,[264-2][296-2][320-2];3699.35660378,[195-2][264-2][320-2];3355.51898001
1,5251.98097041,73.3064360042,4266.81787109,68.6640570136,78,0[149-2][264-2][320-2];5251.98097041,[149-2][264-2][320-2];5251.98097041,[264-2][296-2][320-2];3699.35660378,[195-2][264-2][320-2];3355.51898001
1,5251.98097041,104.020435763,4383.20117188,75.3751488921,68,0[149-2][264-2][320-2];5251.98097041,[149-2][264-2][320-2];5251.98097041,[264-2][296-2][320-2];3699.35660378,[195-2][264-2][320-2];3355.51898001
1,5251.98097041,76.1452095731,4531.73779297,59.1629403484,57,0[149-2][264-2][320-2];5251.98097041,[149-2][264-2][320-2];5251.98097041,[264-2][296-2][320-2];3699.35660378,[195-2][264-2][320-2];3355.51898001
1,5251.98097041,71.3702487493,4411.97949219,57.1918783375,66,0[149-2][264-2][320-2];5251.98097041,[149-2][264-2][320-2];5251.98097041,[264-2][296-2][320-2];3699.35660378,[195-2][264-2][320-2];3355.51898001
1,5251.98097041,101.674467539,4424.00830078,46.7772691078,62,0[149-2][264-2][320-2];5251.98097041,[149-2][264-2][320-2];5251.98097041,[264-2][296-2][320-2];3699.35660378,[195-2][264-2][320-2];3355.51898001
1,5251.98097041,18.6619075241,4149.48876953,54.8379329169,85,0[149-2][264-2][320-2];5251.98097041,[149-2][264-2][320-2];5251.98097041,[264-2][296-2][320-2];3699.35660378,[195-2][264-2][320-2];3355.51898001
1,5251.98097041,52.8449073327,4292.26025391,73.2887652748,74,0[149-2][264-2][320-2];5251.98097041,[149-2][264-2][320-2];5251.98097041,[264-2][296-2][320-2];3699.35660378,[195-2][264-2][320-2];3355.51898001
0,148.83214298,2.81150812221,44.4715118408,1.03059069605,295,-1[149-2][264-2][320-2];5251.98097041,[9-2][14-2][260-2];148.83214298,[15-2][264-2][380-2];103.663961332,[228-2][245-2][342-2];102.011120512
1,150.7070236,1.07041891622,54.1682510376,0.835883497856,288,-1[149-2][264-2][320-2];5251.98097041,[157-2][260-2][320-2];150.7070236,[9-2][14-2][260-2];148.83214298,[147-2][175-2][385-2];148.452104811
1,150.7070236,0,56.4138145447,1.08051443093,298,-1[149-2][264-2][320-2];5251.98097041,[157-2][260-2][320-2];150.7070236,[9-2][296-2][363-2];150.417338303,[9-2][14-2][260-2];148.83214298
1,184.802094923,0.565895975257,61.5542259216,1.45389772852,291,-1[149-2][264-2][320-2];5251.98097041,[149-2][306-2][320-2];184.802094923,[8-2][139-2][264-2];157.235532236,[157-2][260-2][320-2];150.7070236
1,240.473649491,2.096699776,73.8699569702,1.34696235477,291,-1[149-2][264-2][320-2];5251.98097041,[149-2][260-2][320-2];240.473649491,[149-2][306-2][320-2];184.802094923,[70-2][264-2][507-2];172.753591417
1,1805.35768351,8.22344510935,103.15272522,4.22311590489,273,-1[149-2][264-2][320-2];5251.98097041,[139-2][264-2][320-2];1805.35768351,[93-2][264-2][320-2];1752.98632505,[9-2][264-2][320-2];1446.13185659
1,1805.35768351,9.91068200371,289.214294434,21.4687659197,250,-1[149-2][264-2][320-2];5251.98097041,[139-2][264-2][320-2];1805.35768351,[93-2][264-2][320-2];1752.98632505,[3-2][264-2][320-2];1752.98632505
1,5251.98097041,9.05694049662,1151.05505371,20.272997636,128,0[149-2][264-2][320-2];5251.98097041,[149-2][264-2][320-2];5251.98097041,[147-2][264-2][320-2];2631.9380002,[264-2][320-2][330-2];1986.62317207
1,5251.98097041,7.35411287782,1473.91796875,21.1893171736,85,0[149-2][264-2][320-2];5251.98097041,[149-2][264-2][320-2];5251.98097041,[147-2][264-2][320-2];2631.9380002,[264-2][320-2][330-2];1986.62317207
1,5251.98097041,4.6355466862,1667.60327148,22.9219313919,74,0[149-2][264-2][320-2];5251.98097041,[149-2][264-2][320-2];5251.98097041,[264-2][320-2][412-2];2639.06615352,[147-2][264-2][320-2];2631.9380002
1,5251.98097041,62.3895653229,1836.21716309,34.3419776146,95,0[149-2][264-2][320-2];5251.98097041,[149-2][264-2][320-2];5251.98097041,[264-2][320-2][412-2];2639.06615352,[147-2][264-2][320-2];2631.9380002
1,5251.98097041,0,2243.95239258,41.0367631888,108,0[149-2][264-2][320-2];5251.98097041,[149-2][264-2][320-2];5251.98097041,[209-2][264-2][320-2];2844.79410893,[264-2][320-2][412-2];2639.06615352
1,5251.98097041,9.58396765614,3167.50170898,81.8288595938,89,0[149-2][264-2][320-2];5251.98097041,[149-2][264-2][320-2];5251.98097041,[209-2][264-2][320-2];2844.79410893,[264-2][320-2][381-2];2798.8362435
1,5251.98097041,29.4562597087,3781.75976563,80.4274591516,87,0[149-2][264-2][320-2];5251.98097041,[149-2][264-2][320-2];5251.98097041,[264-2][279-2][320-2];3003.8577093,[209-2][264-2][320-2];2844.79410893
1,5251.98097041,29.4562597087,4172.83105469,77.5646995115,76,0[149-2][264-2][320-2];5251.98097041,[149-2][264-2][320-2];5251.98097041,[264-2][279-2][320-2];3003.8577093,[209-2][264-2][320-2];2844.79410893
1,5251.98097041,22.1533770538,4327.18017578,41.9931117051,73,0[149-2][264-2][320-2];5251.98097041,[149-2][264-2][320-2];5251.98097041,[264-2][279-2][320-2];3003.8577093,[209-2][264-2][320-2];2844.79410893
1,5251.98097041,32.3779681872,4269.34082031,72.2548568858,74,0[149-2][264-2][320-2];5251.98097041,[149-2][264-2][320-2];5251.98097041,[56-2][264-2][320-2];3282.69404164,[264-2][279-2][320-2];3003.8577093
1,5251.98097041,77.1136423985,4489.98144531,65.4564247309,58,0[149-2][264-2][320-2];5251.98097041,[149-2][264-2][320-2];5251.98097041,[56-2][264-2][320-2];3282.69404164,[264-2][279-2][320-2];3003.8577093
1,5251.98097041,36.1638529851,4437.80078125,41.5295783679,63,0[149-2][264-2][320-2];5251.98097041,[149-2][264-2][320-2];5251.98097041,[56-2][264-2][320-2];3282.69404164,[264-2][279-2][320-2];3003.8577093
1,5251.98097041,18.3070093974,4496.66162109,63.3444968756,62,0[149-2][264-2][320-2];5251.98097041,[149-2][264-2][320-2];5251.98097041,[264-2][320-2][461-2];4067.72348209,[56-2][264-2][320-2];3282.69404164
1,5251.98097041,68.6406901682,4502.28662109,67.7971145225,62,0[149-2][264-2][320-2];5251.98097041,[149-2][264-2][320-2];5251.98097041,[264-2][320-2][461-2];4067.72348209,[56-2][264-2][320-2];3282.69404164
1,5251.98097041,82.6209669031,4437.75341797,63.6137121837,62,0[149-2][264-2][320-2];5251.98097041,[149-2][264-2][320-2];5251.98097041,[264-2][320-2][461-2];4067.72348209,[56-2][264-2][320-2];3282.69404164
1,5251.98097041,78.84675637,4317.75585938,71.5874093673,64,0[149-2][264-2][320-2];5251.98097041,[149-2][264-2][320-2];5251.98097041,[264-2][320-2][461-2];4067.72348209,[56-2][264-2][320-2];3282.69404164
1,5251.98097041,71.3860221295,4391.47314453,44.3010235017,67,0[149-2][264-2][320-2];5251.98097041,[149-2][264-2][320-2];5251.98097041,[264-2][320-2][461-2];4067.72348209,[56-2][264-2][320-2];3282.69404164
1,5251.98097041,24.0052191023,4583.06152344,62.286582543,53,0[149-2][264-2][320-2];5251.98097041,[149-2][264-2][320-2];5251.98097041,[264-2][320-2][461-2];4067.72348209,[56-2][264-2][320-2];3282.69404164
1,5251.98097041,57.20691468,4501.2578125,48.0753172038,59,0[149-2][264-2][320-2];5251.98097041,[149-2][264-2][320-2];5251.98097041,[264-2][320-2][461-2];4067.72348209,[56-2][264-2][320-2];3282.69404164
1,5251.98097041,78.684856698,4462.26318359,59.2298029756,62,0[149-2][264-2][320-2];5251.98097041,[149-2][264-2][320-2];5251.98097041,[264-2][320-2][461-2];4067.72348209,[56-2][264-2][320-2];3282.69404164
1,5251.98097041,0,2584.14941406,103.305171421,182,0[149-2][264-2][320-2];5251.98097041,[149-2][264-2][320-2];5251.98097041,[264-2][320-2][461-2];4067.72348209,[56-2][264-2][320-2];3282.69404164
1,5251.98097041,0,4632.20996094,52.1340675484,45,0[149-2][264-2][320-2];5251.98097041,[149-2][264-2][320-2];5251.98097041,[264-2][320-2][461-2];4067.72348209,[56-2][264-2][320-2];3282.69404164
1,5251.98097041,48.2671961797,4426.18115234,65.2369127862,64,0[149-2][264-2][320-2];5251.98097041,[149-2][264-2][320-2];5251.98097041,[264-2][320-2][461-2];4067.72348209,[56-2][264-2][320-2];3282.69404164
1,5251.98097041,62.8196911272,4171.47070313,75.2946912297,77,0[149-2][264-2][320-2];5251.98097041,[149-2][264-2][320-2];5251.98097041,[264-2][320-2][461-2];4067.72348209,[56-2][264-2][320-2];3282.69404164
1,5251.98097041,18.2120498004,4267.35058594,70.9607588614,75,0[149-2][264-2][320-2];5251.98097041,[149-2][264-2][320-2];5251.98097041,[264-2][320-2][461-2];4067.72348209,[56-2][264-2][320-2];3282.69404164
0,217.58944681,2.80921872175,48.5716552734,1.30874191915,293,-1[149-2][264-2][320-2];5251.98097041,[116-2][264-2][573-2];217.58944681,[264-2][358-2][456-2];175.308489979,[116-2][264-2][530-2];136.28381989
0,217.58944681,3.65228078902,62.1311569214,1.42572443688,276,-1[149-2][264-2][320-2];5251.98097041,[116-2][264-2][573-2];217.58944681,[264-2][358-2][456-2];175.308489979,[264-2][315-2][542-2];144.01440004
0,217.58944681,3.65228078902,76.1573944092,1.4388514926,284,-1[149-2][264-2][320-2];5251.98097041,[116-2][264-2][573-2];217.58944681,[19-2][264-2][519-2];195.081980883,[264-2][358-2][519-2];184.50830526
0,287.999416762,8.96249353944,92.4957885742,2.26380777977,268,-1[149-2][264-2][320-2];5251.98097041,[199-2][264-2][519-2];287.999416762,[116-2][264-2][573-2];217.58944681,[264-2][367-2][519-2];210.27874645
0,362.434140201,3.83581680428,117.583206177,1.77038062454,248,-1[149-2][264-2][320-2];5251.98097041,[211-2][264-2][271-2];362.434140201,[199-2][264-2][519-2];287.999416762,[264-2][322-2][573-2];220.994028044
0,362.434140201,14.5864538919,135.995651245,2.70809017262,239,-1[149-2][264-2][320-2];5251.98097041,[211-2][264-2][271-2];362.434140201,[199-2][264-2][519-2];287.999416762,[90-2][264-2][519-2];238.332324512
0,1425.58573538,10.1851204972,155.839553833,5.76266026616,221,-1[149-2][264-2][320-2];5251.98097041,[199-2][264-2][320-2];1425.58573538,[264-2][320-2][358-2];1421.5375171,[211-2][264-2][271-2];362.434140201
0,2103.20320088,8.52085170871,232.235458374,9.4872585509,207,-1[149-2][264-2][320-2];5251.98097041,[264-2][320-2][460-2];2103.20320088,[264-2][315-2][320-2];1814.44398931,[264-2][293-2][320-2];1759.57692186
0,2225.88909172,8.52085170871,486.850921631,23.024411919,193,-1[149-2][264-2][320-2];5251.98097041,[240-2][264-2][320-2];2225.88909172,[211-2][264-2][320-2];2220.60638935,[264-2][320-2][398-2];2172.83200651
0,2631.9380002,33.4152421364,1069.70129395,29.3542750563,173,-1[149-2][264-2][320-2];5251.98097041,[147-2][264-2][320-2];2631.9380002,[240-2][264-2][320-2];2225.88909172,[211-2][264-2][320-2];2220.60638935
0,3003.8577093,30.0593044088,1262.92456055,27.8630374564,180,-1[149-2][264-2][320-2];5251.98097041,[264-2][279-2][320-2];3003.8577093,[147-2][264-2][320-2];2631.9380002,[264-2][266-2][320-2];2421.60030922
0,3003.8577093,26.3427207955,1385.92211914,27.3977056813,185,-1[149-2][264-2][320-2];5251.98097041,[264-2][279-2][320-2];3003.8577093,[147-2][264-2][320-2];2631.9380002,[264-2][266-2][320-2];2421.60030922
0,3003.8577093,12.6764817199,1469.2890625,22.2431780496,178,-1[149-2][264-2][320-2];5251.98097041,[264-2][279-2][320-2];3003.8577093,[264-2][320-2][412-2];2639.06615352,[147-2][264-2][320-2];2631.9380002
0,3770.66394255,12.6764817199,1477.20568848,35.2587134866,188,-1[149-2][264-2][320-2];5251.98097041,[176-2][264-2][320-2];3770.66394255,[195-2][264-2][320-2];3355.51898001,[264-2][279-2][320-2];3003.8577093
0,3770.66394255,3.56730814506,1576.07458496,35.1653387437,186,-1[149-2][264-2][320-2];5251.98097041,[176-2][264-2][320-2];3770.66394255,[264-2][296-2][320-2];3699.35660378,[195-2][264-2][320-2];3355.51898001
0,3770.66394255,2.8162817022,1660.88476563,37.9524049071,188,-1[149-2][264-2][320-2];5251.98097041,[176-2][264-2][320-2];3770.66394255,[264-2][296-2][320-2];3699.35660378,[195-2][264-2][320-2];3355.51898001
0,3770.66394255,2.8162817022,1750.20227051,43.4730780125,177,-1[149-2][264-2][320-2];5251.98097041,[176-2][264-2][320-2];3770.66394255,[264-2][296-2][320-2];3699.35660378,[195-2][264-2][320-2];3355.51898001
0,3770.66394255,2.8162817022,1814.01586914,32.2284028682,171,-1[149-2][264-2][320-2];5251.98097041,[176-2][264-2][320-2];3770.66394255,[264-2][296-2][320-2];3699.35660378,[195-2][264-2][320-2];3355.51898001
0,3770.66394255,2.8162817022,1941.49963379,30.3343494642,150,-1[149-2][264-2][320-2];5251.98097041,[176-2][264-2][320-2];3770.66394255,[264-2][296-2][320-2];3699.35660378,[195-2][264-2][320-2];3355.51898001
0,3770.66394255,17.4388977577,2019.02636719,37.483511427,148,-1[149-2][264-2][320-2];5251.98097041,[176-2][264-2][320-2];3770.66394255,[264-2][296-2][320-2];3699.35660378,[195-2][264-2][320-2];3355.51898001
0,3770.66394255,14.9850754095,2295.06054688,48.8718503494,123,-1[149-2][264-2][320-2];5251.98097041,[176-2][264-2][320-2];3770.66394255,[264-2][296-2][320-2];3699.35660378,[195-2][264-2][320-2];3355.51898001
0,3770.66394255,72.8768556181,2510.02905273,34.4255557148,104,-1[149-2][264-2][320-2];5251.98097041,[176-2][264-2][320-2];3770.66394255,[264-2][296-2][320-2];3699.35660378,[195-2][264-2][320-2];3355.51898001
0,3770.66394255,73.3958976635,2540.99975586,50.3548107696,108,-1[149-2][264-2][320-2];5251.98097041,[176-2][264-2][320-2];3770.66394255,[264-2][296-2][320-2];3699.35660378,[195-2][264-2][320-2];3355.51898001
0,3770.66394255,13.9624999201,2573.67797852,52.4406118247,120,-1[149-2][264-2][320-2];5251.98097041,[176-2][264-2][320-2];3770.66394255,[264-2][296-2][320-2];3699.35660378,[195-2][264-2][320-2];3355.51898001
0,3770.66394255,50.7388104888,2553.94482422,34.5985444413,119,-1[149-2][264-2][320-2];5251.98097041,[176-2][264-2][320-2];3770.66394255,[264-2][296-2][320-2];3699.35660378,[195-2][264-2][320-2];3355.51898001
1,3770.66394255,17.1836180039,2574.42529297,42.9890463778,118,-1[149-2][264-2][320-2];5251.98097041,[176-2][264-2][320-2];3770.66394255,[264-2][296-2][320-2];3699.35660378,[195-2][264-2][320-2];3355.51898001
1,3770.66394255,12.0981408745,2707.96435547,53.8928402116,102,-1[149-2][264-2][320-2];5251.98097041,[176-2][264-2][320-2];3770.66394255,[264-2][296-2][320-2];3699.35660378,[195-2][264-2][320-2];3355.51898001
1,3770.66394255,12.0981408745,2690.26489258,54.512230152,107,-1[149-2][264-2][320-2];5251.98097041,[176-2][264-2][320-2];3770.66394255,[264-2][296-2][320-2];3699.35660378,[195-2][264-2][320-2];3355.51898001
1,3770.66394255,19.7733979807,2775.2565918,53.294443227,99,-1[149-2][264-2][320-2];5251.98097041,[176-2][264-2][320-2];3770.66394255,[264-2][296-2][320-2];3699.35660378,[195-2][264-2][320-2];3355.51898001
1,3770.66394255,25.99331964,2863.04760742,39.1719268621,92,-1[149-2][264-2][320-2];5251.98097041,[176-2][264-2][320-2];3770.66394255,[264-2][296-2][320-2];3699.35660378,[195-2][264-2][320-2];3355.51898001
1,3770.66394255,17.078768706,2897.70751953,51.0396765952,89,-1[149-2][264-2][320-2];5251.98097041,[176-2][264-2][320-2];3770.66394255,[264-2][296-2][320-2];3699.35660378,[195-2][264-2][320-2];3355.51898001
1,3770.66394255,13.9679234517,2736.51831055,59.2579337676,105,-1[149-2][264-2][320-2];5251.98097041,[176-2][264-2][320-2];3770.66394255,[264-2][296-2][320-2];3699.35660378,[195-2][264-2][320-2];3355.51898001
1,3770.66394255,6.71107330875,3019.89135742,43.4301345568,81,-1[149-2][264-2][320-2];5251.98097041,[176-2][264-2][320-2];3770.66394255,[264-2][296-2][320-2];3699.35660378,[195-2][264-2][320-2];3355.51898001
1,3770.66394255,0,1881.59155273,62.3798026332,182,-1[149-2][264-2][320-2];5251.98097041,[176-2][264-2][320-2];3770.66394255,[264-2][296-2][320-2];3699.35660378,[195-2][264-2][320-2];3355.51898001
1,3770.66394255,62.8196911272,3215.53564453,31.7623303389,63,-1[149-2][264-2][320-2];5251.98097041,[176-2][264-2][320-2];3770.66394255,[264-2][296-2][320-2];3699.35660378,[195-2][264-2][320-2];3355.51898001
1,3770.66394255,78.9331711162,3041.80273438,40.9183079305,85,-1[149-2][264-2][320-2];5251.98097041,[176-2][264-2][320-2];3770.66394255,[264-2][296-2][320-2];3699.35660378,[195-2][264-2][320-2];3355.51898001
1,3770.66394255,69.1466750092,2996.14746094,57.7728381051,87,-1[149-2][264-2][320-2];5251.98097041,[176-2][264-2][320-2];3770.66394255,[264-2][296-2][320-2];3699.35660378,[195-2][264-2][320-2];3355.51898001
