SNP1,1299,1391,633,560,73,54,
SNP2,745,946,943,850,317,209,
SNP3,9,21,286,337,1710,1647,
SNP4,9,13,288,347,1708,1645,
SNP5,16,31,390,400,1599,1574,
SNP6,1103,1113,756,766,146,126,
SNP7,60,65,603,614,1342,1326,
SNP8,1040,1145,811,741,154,119,
SNP9,887,958,895,864,223,183,
SNP10,132,196,745,799,1128,1010,
SNP11,1400,1387,546,574,59,44,
SNP12,868,946,915,880,222,179,
SNP13,1059,1167,774,710,172,128,
SNP14,1432,1512,531,456,42,37,
SNP15,640,705,991,963,374,337,
SNP16,751,772,945,958,309,275,
SNP17,1138,1235,738,663,129,107,
SNP18,483,508,1024,992,498,505,
SNP19,1201,1297,711,640,93,68,
SNP20,343,484,936,997,726,524,
SNP21,799,887,933,853,273,265,
SNP22,938,1025,827,825,240,155,
SNP23,232,227,853,916,920,862,
SNP24,1744,1745,248,248,13,12,
SNP25,1355,1526,578,446,72,33,
SNP26,64,83,599,623,1342,1299,
SNP27,239,270,928,944,838,791,
SNP28,548,635,1030,1009,427,361,
SNP29,551,641,1006,1005,448,359,
SNP30,72,95,649,731,1284,1179,
SNP31,1623,1740,363,252,19,13,
SNP32,823,898,960,905,222,202,
SNP33,149,181,814,809,1042,1015,
SNP34,211,267,903,942,891,796,
SNP35,384,433,977,1032,644,540,
SNP36,706,807,960,948,339,250,
SNP37,221,241,896,934,888,830,
SNP38,943,1021,867,829,195,155,
SNP39,556,567,994,996,455,442,
SNP40,1453,1524,517,444,35,37,
SNP41,589,698,1006,969,410,338,
SNP42,604,562,988,1019,413,424,
SNP43,1110,1162,751,726,144,117,
SNP44,549,469,973,1040,483,496,
SNP45,156,207,843,907,1006,891,
SNP46,290,315,953,956,762,734,
SNP47,466,568,1055,1007,484,430,
SNP48,96,119,748,747,1161,1139,
SNP49,251,306,910,943,844,756,
SNP50,27,37,396,442,1582,1526,
SNP51,814,937,945,868,246,200,
SNP52,170,195,794,922,1041,888,
SNP53,641,742,978,940,386,323,
SNP54,44,47,530,554,1431,1404,
SNP55,875,957,886,877,244,171,
SNP56,77,88,623,664,1305,1253,
SNP57,352,427,946,981,707,597,
SNP58,164,171,796,837,1045,997,
SNP59,562,446,999,1015,444,544,
SNP60,1155,1138,720,740,130,127,
SNP61,832,855,891,903,282,247,
SNP62,265,294,905,940,835,771,
SNP63,654,727,1001,975,350,303,
SNP64,1920,1945,83,59,2,1,
SNP65,1113,1261,794,661,98,83,
SNP66,319,326,940,1040,746,639,
SNP67,1576,1668,396,324,33,13,
SNP68,1260,1340,660,588,85,77,
SNP69,1195,1235,706,660,104,110,
SNP70,646,691,1006,952,353,362,
SNP71,877,1025,853,798,275,182,
SNP72,293,327,972,966,740,712,
SNP73,128,157,762,802,1115,1046,
SNP74,507,542,948,998,550,465,
SNP75,124,134,705,797,1176,1074,
SNP76,1267,1393,639,560,99,52,
SNP77,1159,1289,733,626,113,90,
SNP78,1742,1759,256,239,7,7,
SNP79,174,204,884,931,947,870,
SNP80,145,179,788,807,1072,1019,
SNP81,601,626,1082,988,322,391,
SNP82,174,220,819,882,1012,903,
SNP83,300,360,972,965,733,680,
SNP84,290,321,960,951,755,733,
SNP85,731,844,930,901,344,260,
SNP86,652,731,969,958,384,316,
SNP87,1238,1317,683,604,84,84,
SNP88,556,649,983,962,466,394,
SNP89,28,51,452,488,1525,1466,
SNP90,964,1000,859,843,182,162,
