rs16825081,4685,4650,311,337,4,13,
rs17400178,4371,4355,608,630,21,15,
rs705689,3133,3179,1642,1617,225,204,
rs3935073,3990,3952,935,993,75,55,
rs10927978,5000,5000,0,0,0,0,
rs742662,4129,4145,834,815,37,40,
rs1125090,5000,5000,0,0,0,0,
rs7547482,5000,5000,0,0,0,0,
rs12129478,3571,3526,1322,1349,107,125,
rs1997756,5000,5000,0,0,0,0,
rs1570686,3200,3207,1602,1605,198,188,
rs771399,5000,5000,0,0,0,0,
rs16837315,4821,4804,179,195,0,1,
rs7541734,3493,3499,1355,1378,152,123,
rs4970634,2899,2884,1804,1852,297,264,
rs1359893,3630,3625,1270,1277,100,98,
rs11205512,4514,4505,475,482,11,13,
rs11205682,4486,4476,501,508,13,16,
rs12092071,3068,3018,1693,1735,239,247,
rs1149650,4904,4915,96,85,0,0,
rs3737896,4848,4830,151,169,1,1,
rs624568,4912,4922,88,77,0,1,
rs2033348,1282,1294,2463,2478,1255,1228,
rs7523521,3502,3443,1362,1405,136,152,
rs1776325,2551,2544,2018,2028,431,428,
rs12069796,2422,2397,2096,2124,482,479,
rs4313439,3656,3612,1226,1284,118,104,
rs4347229,4509,4538,478,454,13,8,
rs316689,4200,4171,759,790,41,39,
rs3765987,5000,5000,0,0,0,0,
rs17418454,3971,3973,976,948,53,79,
rs17473112,3585,3682,1314,1190,101,128,
rs10801802,5000,5000,0,0,0,0,
rs2786539,4921,4909,79,91,0,0,
rs12028737,3016,3010,1725,1771,259,219,
rs9325368,2153,2163,2262,2225,585,612,
rs3907134,1480,1438,2436,2469,1084,1093,
rs17018118,5000,5000,0,0,0,0,
rs491785,1970,1874,2275,2407,755,719,
rs343802,2990,3049,1768,1713,242,238,
rs503537,4180,4209,790,759,30,32,
rs7530614,5000,5000,0,0,0,0,
rs3010390,5000,5000,0,0,0,0,
rs1359384,2651,2601,1977,2045,372,354,
rs12756326,3639,3642,1249,1248,112,110,
rs1814653,3621,3665,1267,1230,112,105,
rs16833597,5000,5000,0,0,0,0,
rs6663265,4906,4929,94,71,0,0,
rs855871,3472,3419,1398,1427,130,154,
rs12408365,4301,4365,673,620,26,15,
rs10800409,4025,4048,921,898,54,54,
rs12086332,5000,5000,0,0,0,0,
rs10800120,1777,1784,2412,2371,811,845,
rs2090281,1389,1367,2432,2482,1179,1151,
rs732285,1411,1430,2424,2521,1165,1049,
rs10918488,3881,3881,1048,1055,71,64,
rs12561921,4415,4407,568,574,17,19,
rs12401643,2628,2602,1995,2036,377,362,
rs2105232,1744,1731,2415,2423,841,846,
rs2811563,1674,1682,2498,2442,828,876,
rs625912,4301,4288,672,687,27,25,
rs12079013,5000,5000,0,0,0,0,
rs1936682,5000,5000,0,0,0,0,
rs2494147,2317,2289,2158,2210,525,501,
rs12092294,4285,4295,693,678,22,27,
rs4915406,2313,2260,2178,2182,509,558,
rs1039287,3916,3918,1017,1016,67,66,
rs7544236,1738,1727,2413,2397,849,876,
rs6594018,2737,2734,1896,1903,367,363,
rs11240369,1899,1996,2385,2291,716,713,
rs6692567,4582,4569,412,423,6,8,
rs4291499,5000,5000,0,0,0,0,
rs320374,2054,2063,2307,2291,639,646,
rs4420153,3055,3026,1706,1740,239,234,
rs17043730,3075,3102,1674,1642,251,256,
rs1502360,2455,2538,2097,2058,448,404,
rs4846628,1907,1881,2384,2352,709,767,
rs2786556,5000,5000,0,0,0,0,
rs501082,2639,2558,1960,2028,401,414,
rs270524,3631,3668,1243,1231,126,101,
rs12072859,4916,4915,84,85,0,0,
rs11806198,5000,5000,0,0,0,0,
rs7521795,5000,5000,0,0,0,0,
rs1034250,1401,1391,2461,2554,1138,1055,
rs946698,5000,5000,0,0,0,0,
rs9727917,2232,2203,2200,2235,568,562,
rs6740249,1356,1282,2480,2481,1164,1237,
rs823224,4347,4383,630,589,23,28,
rs1453787,2204,2226,2253,2246,543,528,
rs16865244,4015,4003,921,949,64,48,
rs11690126,4260,4278,710,690,30,32,
rs17467392,2804,2754,1872,1902,324,344,
rs11885245,2905,2925,1824,1804,271,271,
rs10168575,4660,4685,336,310,4,5,
rs6753025,4666,4673,330,322,4,5,
rs17044014,5000,5000,0,0,0,0,
rs6744341,1787,1716,2373,2447,840,837,
rs7586879,2374,2435,2132,2077,494,488,
rs7579073,3995,4061,948,882,57,57,
rs13033797,3310,3339,1511,1505,179,156,
rs6716687,3753,3741,1175,1182,72,77,
rs4952125,2354,2329,2203,2162,443,509,
rs2123752,1809,1819,2403,2390,788,791,
rs12479192,3497,3460,1361,1417,142,123,
rs2568464,1250,1253,2524,2493,1226,1254,
rs13021543,1705,1804,2475,2378,820,818,
rs7582160,5000,5000,0,0,0,0,
rs1548876,3902,3903,1020,1016,78,81,
rs13010889,4617,4572,372,420,11,8,
rs17027743,5000,5000,0,0,0,0,
rs6748564,2854,2755,1840,1934,306,311,
rs6708415,5000,5000,0,0,0,0,
rs2033412,3781,3798,1137,1120,82,82,
rs986787,1562,1543,2443,2460,995,997,
rs2717038,2238,2307,2240,2149,522,544,
rs17563656,4382,4436,600,547,18,17,
rs1123573,1886,1793,2365,2419,749,788,
rs1868582,2160,2224,2277,2231,563,545,
rs11680063,4752,4762,247,235,1,3,
rs871536,5000,5000,0,0,0,0,
rs3821277,1580,1492,2485,2535,935,973,
rs7563917,1644,1697,2430,2376,926,927,
rs17015772,4733,4769,264,227,3,4,
rs10193228,2800,2802,1861,1888,339,310,
rs4832270,1531,1501,2483,2520,986,979,
rs10209092,2149,2243,2300,2221,551,536,
rs12479182,1545,1551,2451,2495,1004,954,
rs6760518,5000,5000,0,0,0,0,
rs4676323,2075,2164,2318,2257,607,579,
rs1516207,3609,3641,1264,1254,127,105,
rs11680181,1453,1509,2418,2396,1129,1095,
rs315940,5000,5000,0,0,0,0,
rs11885498,1634,1608,2448,2477,918,915,
rs11891084,3719,3714,1185,1192,96,94,
rs6711678,3112,3252,1660,1538,228,210,
rs6744587,3809,3881,1117,1060,74,59,
rs2089110,5000,5000,0,0,0,0,
rs2010511,1793,1853,2393,2375,814,772,
rs6430423,3662,3677,1248,1226,90,97,
rs17654299,1916,1887,2362,2354,722,759,
rs2059729,3848,3825,1071,1114,81,61,
rs1348739,5000,5000,0,0,0,0,
rs1527853,1727,1714,2420,2433,853,853,
rs6709167,5000,5000,0,0,0,0,
rs4664502,3108,3112,1677,1645,215,243,
rs17827158,4258,4327,711,647,31,26,
rs197275,4124,4158,844,807,32,35,
rs10165495,3569,3560,1307,1322,124,118,
rs2390487,3898,3891,1040,1064,62,45,
rs4667541,5000,5000,0,0,0,0,
rs6433100,4909,4908,91,91,0,1,
rs12465387,4411,4406,576,581,13,13,
rs10194179,4418,4413,566,575,16,12,
rs2461748,5000,5000,0,0,0,0,
rs10497498,4490,4457,493,518,17,25,
rs13425924,2291,2256,2156,2238,553,506,
rs1196064,3384,3431,1465,1414,151,155,
rs16823968,5000,5000,0,0,0,0,
rs2054548,1662,1669,2435,2453,903,878,
rs11896635,5000,5000,0,0,0,0,
rs849530,1393,1399,2435,2505,1172,1096,
rs1048783,3118,3158,1672,1619,210,223,
rs6435370,4065,4047,882,900,53,53,
rs10932201,1824,1766,2373,2386,803,848,
rs6435464,3030,3010,1710,1756,260,234,
rs2286963,1956,1986,2310,2352,734,662,
rs4072317,3517,3526,1346,1349,137,125,
rs7571476,4673,4698,320,302,7,0,
rs17379786,4426,4416,554,572,20,12,
rs6728270,3608,3605,1293,1289,99,106,
rs6759476,4452,4427,530,555,18,18,
rs13030174,2681,2694,1976,1971,343,335,
rs4973410,1398,1364,2457,2563,1145,1073,
rs10201498,5000,5000,0,0,0,0,
rs3792269,3421,3454,1430,1393,149,153,
rs17041937,4742,4753,254,246,4,1,
rs2046710,3998,3883,938,1048,64,69,
rs9861610,4299,4255,671,719,30,26,
rs13088594,3963,4055,972,901,65,44,
rs6806953,5000,5000,0,0,0,0,
rs9855183,3989,3959,952,977,59,64,
rs1465780,2546,2532,2058,2060,396,408,
rs1367522,4501,4502,486,492,13,6,
rs9821722,3068,3005,1694,1739,238,256,
rs7611770,5000,5000,0,0,0,0,
rs698224,3385,3325,1467,1483,148,192,
rs6807599,2412,2475,2121,2087,467,438,
rs9849362,5000,5000,0,0,0,0,
rs17019022,5000,5000,0,0,0,0,
rs380560,2593,2547,2012,2080,395,373,
rs646401,3803,3787,1120,1139,77,74,
rs11919339,5000,5000,0,0,0,0,
rs17433029,3163,3097,1630,1699,207,204,
rs1975676,4109,4138,845,823,46,39,
rs1799977,2158,2164,2263,2252,579,584,
rs7426389,3977,3963,981,978,42,59,
rs11713694,3733,3816,1185,1096,82,88,
rs4346580,4907,4921,93,78,0,1,
rs4687605,5000,5000,0,0,0,0,
rs2246556,2855,2885,1865,1844,280,271,
rs9870407,2994,3029,1758,1699,248,272,
rs1851048,1734,1770,2415,2429,851,801,
rs1495357,2140,2215,2242,2205,618,580,
rs9824429,1389,1378,2449,2510,1162,1112,
rs13077539,3869,3905,1074,1038,57,57,
rs727476,1623,1623,2504,2448,873,929,
rs1505585,2022,2053,2291,2292,687,655,
rs1504303,3092,3112,1679,1661,229,227,
rs13072064,3353,3350,1490,1493,157,157,
rs3816831,3548,3584,1317,1306,135,110,
rs9818035,5000,5000,0,0,0,0,
rs4116812,1523,1539,2513,2473,964,988,
rs776119,4167,4204,798,753,35,43,
rs9309853,1347,1354,2502,2478,1151,1168,
rs9856990,3098,3108,1683,1677,219,215,
rs9857434,1626,1567,2396,2480,978,953,
rs9860290,3612,3587,1276,1306,112,107,
rs13059489,2480,2473,2102,2055,418,472,
rs1946725,2822,2776,1873,1906,305,318,
rs9288843,3614,3619,1283,1271,103,110,
rs6805141,4362,4381,617,601,21,18,
rs2895366,2539,2514,2064,2060,397,426,
rs9877859,1430,1463,2534,2461,1036,1076,
rs774857,3746,3729,1153,1174,101,97,
rs1574478,1921,1929,2346,2336,733,735,
rs4378954,4421,4417,563,556,16,27,
rs869407,3965,3979,966,970,69,51,
rs1357100,5000,5000,0,0,0,0,
rs11710875,3050,3075,1705,1709,245,216,
rs6784018,4759,4761,236,235,5,4,
rs6769435,2787,2792,1886,1889,327,319,
rs7618583,3327,3302,1512,1536,161,162,
rs7615991,2710,2646,1936,1999,354,355,
rs7650341,4087,4017,867,932,46,51,
rs7634562,5000,5000,0,0,0,0,
rs1348595,4193,4208,776,767,31,25,
rs2008839,4444,4431,537,550,19,19,
rs1949881,2000,1952,2346,2338,654,710,
rs6789449,2334,2330,2148,2169,518,501,
rs3732566,2021,2023,2325,2293,654,684,
rs4557115,5000,5000,0,0,0,0,
rs6808549,2202,2239,2247,2206,551,555,
rs9845854,5000,5000,0,0,0,0,
rs6780280,3260,3113,1552,1697,188,190,
rs838626,1320,1400,2485,2518,1195,1082,
rs16854486,5000,5000,0,0,0,0,
rs1178943,2140,2211,2253,2215,607,574,
rs9637407,1971,1960,2313,2370,716,670,
rs17733054,4268,4295,711,674,21,31,
rs1011060,1920,1912,2384,2352,696,736,
rs6789195,3811,3877,1108,1045,81,78,
rs9816527,3379,3333,1460,1489,161,178,
rs7648613,5000,5000,0,0,0,0,
rs6764046,5000,5000,0,0,0,0,
rs9820408,3879,3894,1028,1033,93,73,
rs2124546,2529,2386,2060,2117,411,497,
rs606797,1470,1519,2540,2487,990,994,
rs6445096,2234,2239,2189,2189,577,572,
rs6443434,2043,2088,2321,2254,636,658,
rs4855077,3492,3456,1351,1379,157,165,
rs9825036,5000,5000,0,0,0,0,
rs865808,1390,1357,2489,2565,1121,1078,
rs1837882,1525,1463,2423,2553,1052,984,
rs1452190,3524,3562,1351,1286,125,152,
rs696067,2321,2312,2173,2177,506,511,
rs3773990,4035,4080,912,872,53,48,
rs1447840,1383,1367,2494,2395,1123,1238,
rs922698,1445,1412,2520,2501,1035,1087,
rs16837078,4820,4854,178,146,2,0,
rs7682449,4453,4460,537,521,10,19,
rs11725929,1997,2018,2400,2355,603,627,
rs6811675,4591,4590,401,404,8,6,
rs16892271,4826,4849,173,151,1,0,
rs7661284,5000,5000,0,0,0,0,
rs2535225,4659,4639,329,352,12,9,
rs11939337,3831,3821,1065,1112,104,67,
rs4499695,3638,3723,1278,1179,84,98,
rs13149579,3291,3269,1536,1535,173,196,
rs7437388,3101,3146,1658,1633,241,221,
rs4550909,3134,3106,1653,1667,213,227,
rs6851702,4921,4912,79,88,0,0,
rs1353654,3879,3921,1057,1003,64,76,
rs7695002,5000,5000,0,0,0,0,
rs2279029,3013,3055,1751,1720,236,225,
rs1863327,1689,1637,2399,2502,912,861,
rs12649142,4522,4503,469,486,9,11,
rs17581075,4510,4520,478,469,12,11,
rs16853488,5000,5000,0,0,0,0,
rs13103298,1558,1618,2529,2458,913,924,
rs13114564,4906,4913,94,87,0,0,
rs2412401,1505,1437,2402,2482,1093,1081,
rs6816309,1872,1897,2410,2353,718,750,
rs4864655,2430,2463,2081,2112,489,425,
rs2165474,4363,4322,614,656,23,22,
rs1350003,4822,4827,178,171,0,2,
rs2019834,4111,4106,848,857,41,37,
rs11733835,4759,4738,238,255,3,7,
rs3775780,2326,2334,2174,2161,500,505,
rs1055660,5000,5000,0,0,0,0,
rs3111693,4505,4521,480,459,15,20,
rs7676641,1745,1757,2431,2428,824,815,
rs7676343,4363,4353,606,622,31,25,
rs7684372,5000,5000,0,0,0,0,
rs17018439,5000,5000,0,0,0,0,
rs7699810,4502,4487,488,495,10,18,
rs13101814,2988,3022,1753,1707,259,271,
rs2433317,3091,3118,1688,1679,221,203,
rs2162448,4447,4440,539,540,14,20,
rs17028179,5000,5000,0,0,0,0,
rs6819958,4684,4679,307,317,9,4,
rs6532966,2347,2360,2132,2161,521,479,
rs3900348,2182,2209,2254,2221,564,570,
rs6533125,2009,2116,2362,2267,629,617,
rs7662637,2993,2972,1734,1766,273,262,
rs1395114,3261,3175,1569,1634,170,191,
rs10024217,2693,2706,1923,1940,384,354,
rs13150807,3075,3051,1705,1710,220,239,
rs11098315,3217,3197,1598,1617,185,186,
rs7686539,3310,3294,1521,1542,169,164,
rs4560485,2861,2922,1800,1780,339,298,
rs11098419,2083,2039,2315,2361,602,600,
rs17049699,4691,4691,300,302,9,7,
rs6817738,5000,5000,0,0,0,0,
rs17051310,4852,4810,148,189,0,1,
rs10021517,1404,1371,2523,2519,1073,1110,
rs1532885,4799,4826,197,172,4,2,
rs13149616,2213,2163,2200,2253,587,584,
rs1911889,1479,1444,2471,2471,1050,1085,
rs12513015,3991,3955,946,993,63,52,
rs12507542,1300,1290,2542,2541,1158,1169,
rs7689973,3533,3528,1344,1351,123,121,
rs11100771,2127,2142,2266,2271,607,587,
rs9308169,2017,2055,2302,2286,681,659,
rs4432705,4899,4925,101,75,0,0,
rs4696137,2791,2828,1935,1855,274,317,
rs13137478,4755,4763,242,232,3,5,
rs4696450,2454,2439,2094,2107,452,454,
rs13131656,1379,1390,2499,2534,1122,1076,
rs7654093,2788,2753,1884,1925,328,322,
rs17032890,4844,4841,156,159,0,0,
rs11722256,2373,2372,2147,2134,480,494,
rs10517633,4359,4372,624,604,17,24,
rs4270550,1781,1824,2402,2383,817,793,
rs7680096,5000,5000,0,0,0,0,
rs10022413,1614,1540,2411,2484,975,976,
rs17046756,4849,4839,151,160,0,1,
rs10517906,4561,4595,434,398,5,7,
rs1896479,3158,3139,1628,1658,214,203,
rs12649263,4202,4167,764,803,34,30,
rs9997176,4660,4719,334,275,6,6,
rs7680254,5000,5000,0,0,0,0,
rs4593102,2603,2679,2037,1957,360,364,
rs17065167,5000,5000,0,0,0,0,
rs2726780,2879,2839,1800,1885,321,276,
rs17074036,4381,4343,602,644,17,13,
rs7660520,2856,2909,1855,1823,289,268,
rs6869977,5000,5000,0,0,0,0,
rs4975583,4429,4420,556,565,15,15,
rs10043491,3096,3108,1668,1661,236,231,
rs1209069,4574,4614,417,378,9,8,
rs16874707,5000,5000,0,0,0,0,
rs11134134,1554,1550,2497,2492,949,958,
rs13163920,2742,2714,1896,1920,362,366,
rs17826588,1461,1525,2496,2433,1043,1042,
rs10066518,3005,3024,1748,1742,247,234,
rs16880072,4113,4148,852,806,35,46,
rs314734,1441,1456,2497,2512,1062,1032,
rs2940564,3750,3706,1162,1215,88,79,
rs2548553,3523,3614,1349,1260,128,126,
rs3797126,4052,4092,889,871,59,37,
rs4998086,4830,4817,168,180,2,3,
rs7728456,2195,2165,2251,2272,554,563,
rs2607527,1519,1433,2445,2468,1036,1099,
rs12655126,2972,2970,1763,1777,265,253,
rs2471138,2101,2095,2292,2295,607,610,
rs986251,2139,2181,2306,2248,555,571,
rs16888500,4734,4745,265,251,1,4,
rs5009032,3205,3191,1614,1617,181,192,
rs3925815,1783,1741,2420,2430,797,829,
rs13172117,2119,2125,2291,2314,590,561,
rs7712558,5000,5000,0,0,0,0,
rs3110991,5000,5000,0,0,0,0,
rs3099124,4518,4538,474,449,8,13,
rs17823049,2796,2757,1864,1913,340,330,
rs2455307,2965,2999,1788,1722,247,279,
rs7443189,4908,4923,91,76,1,1,
rs6450151,1486,1490,2442,2472,1072,1038,
rs1279623,4205,4201,758,764,37,35,
rs1382914,1431,1379,2507,2509,1062,1112,
rs6898955,5000,5000,0,0,0,0,
rs10077085,3858,3855,1077,1078,65,67,
rs255597,3330,3330,1494,1484,176,186,
rs17555606,3895,3867,1034,1048,71,85,
rs10064733,1830,1822,2345,2399,825,779,
rs4703642,1830,1833,2402,2407,768,760,
rs6453278,2614,2587,2010,2023,376,390,
rs344656,4049,4074,899,870,52,56,
rs16877150,4425,4407,568,572,7,21,
rs2438632,1466,1546,2500,2438,1034,1016,
rs40046,2978,3017,1763,1731,259,252,
rs11948928,4186,4176,784,790,30,34,
rs7702352,3412,3420,1447,1418,141,162,
rs12652513,3742,3715,1165,1198,93,87,
rs1026666,1841,1816,2384,2432,775,752,
rs13355889,1910,1923,2370,2365,720,712,
rs7709403,2106,2169,2331,2248,563,583,
rs4533859,1925,1932,2360,2333,715,735,
rs4957901,4831,4831,169,167,0,2,
rs26543,2753,2768,1923,1895,324,337,
rs36956,1540,1577,2506,2490,954,933,
rs6878653,5000,5000,0,0,0,0,
rs11748934,4327,4380,658,603,15,17,
rs319635,2933,2969,1801,1768,266,263,
rs7707652,1942,1974,2335,2317,723,709,
rs989549,4239,4260,719,712,42,28,
rs6896462,3412,3358,1414,1480,174,162,
rs10447291,5000,5000,0,0,0,0,
rs1963407,1338,1399,2479,2475,1183,1126,
rs7444075,3300,3398,1521,1440,179,162,
rs17714209,2376,2405,2137,2101,487,494,
rs4509076,2688,2665,1963,1965,349,370,
rs6596333,3115,3078,1630,1691,255,231,
rs7708225,2378,2387,2148,2110,474,503,
rs17103648,5000,5000,0,0,0,0,
rs3822506,3931,3915,994,1012,75,73,
rs10071830,2762,2744,1902,1901,336,355,
rs3733661,5000,5000,0,0,0,0,
rs1144652,4044,4082,910,871,46,47,
rs2544862,4502,4508,488,482,10,10,
rs6868624,1350,1374,2498,2460,1152,1166,
rs12284,4014,3981,939,956,47,63,
rs4262145,1989,2037,2325,2295,686,668,
rs2910201,1909,1887,2373,2343,718,770,
rs4868824,1316,1285,2464,2543,1220,1172,
rs4132889,1344,1365,2537,2517,1119,1118,
rs17465517,1925,1874,2373,2310,702,816,
rs1799564,1868,1816,2413,2354,719,830,
rs12522956,2270,2263,2181,2174,549,563,
rs17735527,3402,3439,1451,1411,147,150,
rs2279949,1805,1867,2381,2381,814,752,
rs11948648,2560,2510,2031,2083,409,407,
rs10077377,3957,3973,989,970,54,57,
rs1433021,1996,1968,2302,2350,702,682,
rs11746792,2109,2101,2314,2296,577,603,
rs11747999,3685,3713,1205,1196,110,91,
rs901744,5000,5000,0,0,0,0,
rs11748495,2608,2625,1985,1972,407,403,
rs42414,1382,1326,2410,2506,1208,1168,
rs11756906,4913,4919,87,81,0,0,
rs7769327,4753,4780,242,216,5,4,
rs12201938,3783,3838,1134,1085,83,77,
rs6939240,3631,3685,1262,1212,107,103,
rs9350200,5000,5000,0,0,0,0,
rs4314493,2028,2029,2330,2292,642,679,
rs17561071,3465,3517,1400,1345,135,138,
rs9469927,4827,4822,170,177,3,1,
rs2496148,3293,3269,1514,1549,193,182,
rs236929,5000,5000,0,0,0,0,
rs9366404,3119,3180,1684,1611,197,209,
rs9356805,3021,3112,1731,1658,248,230,
rs9986648,5000,5000,0,0,0,0,
rs197969,1674,1657,2445,2419,881,924,
rs9460924,5000,5000,0,0,0,0,
rs7383248,1395,1442,2494,2466,1111,1092,
rs4713221,1411,1308,2413,2525,1176,1167,
rs1611710,1682,1661,2424,2452,894,887,
rs9259758,4671,4672,321,321,8,7,
rs2394250,1523,1579,2474,2453,1003,968,
rs7753935,3845,3805,1085,1132,70,63,
rs2857435,2500,2497,2045,2041,455,462,
rs9261758,3248,3186,1555,1642,197,172,
rs9462164,2572,2568,2000,2034,428,398,
rs2776892,4420,4431,563,549,17,20,
rs7756267,3194,3176,1581,1639,225,185,
rs10456106,4151,4115,817,838,32,47,
rs521502,4541,4526,446,462,13,12,
rs9395981,3723,3739,1186,1172,91,89,
rs11754220,2075,2005,2259,2326,666,669,
rs4072271,3262,3239,1537,1563,201,198,
rs6924479,1510,1514,2454,2440,1036,1046,
rs961517,2339,2409,2198,2097,463,494,
rs9342288,2515,2623,2102,1974,383,403,
rs6926427,5000,5000,0,0,0,0,
rs11754641,4852,4829,147,170,1,1,
rs12212207,4278,4292,690,691,32,17,
rs7451257,1524,1556,2487,2484,989,960,
rs4580839,1786,1747,2380,2469,834,784,
rs13191081,4437,4432,551,554,12,14,
rs2880587,2542,2422,2024,2125,434,453,
rs10942957,3450,3523,1414,1352,136,125,
rs1528505,1713,1754,2406,2396,881,850,
rs2807525,1847,1879,2409,2405,744,716,
rs16885077,4619,4596,373,393,8,11,
rs7749977,3710,3639,1202,1271,88,90,
rs2816822,2665,2715,1978,1937,357,348,
rs6921336,5000,5000,0,0,0,0,
rs9451261,3640,3688,1245,1215,115,97,
rs9342226,5000,5000,0,0,0,0,
rs16873690,5000,5000,0,0,0,0,
rs9490554,4517,4525,473,464,10,11,
rs579536,4406,4434,573,542,21,24,
rs6902835,1774,1771,2385,2457,841,772,
rs9375892,4297,4254,685,715,18,31,
rs12212381,5000,5000,0,0,0,0,
rs1338162,2335,2255,2221,2237,444,508,
rs1346294,2303,2493,2242,2060,455,447,
rs6939130,4435,4372,550,609,15,19,
rs17068005,5000,5000,0,0,0,0,
rs546963,4676,4666,318,332,6,2,
rs6929104,2243,2213,2187,2257,570,530,
rs10434875,3681,3687,1219,1227,100,86,
rs10457239,2863,2824,1815,1861,322,315,
rs13211241,5000,5000,0,0,0,0,
rs9488482,5000,5000,0,0,0,0,
rs3798241,2657,2594,1966,2016,377,390,
rs684578,1900,1832,2330,2432,770,736,
rs11968712,5000,5000,0,0,0,0,
rs9385068,1290,1331,2474,2459,1236,1210,
rs3822997,1290,1331,2474,2459,1236,1210,
rs9374987,2525,2470,2031,2095,444,435,
rs6569183,5000,5000,0,0,0,0,
rs170980,1677,1762,2430,2414,893,824,
rs523240,2864,2858,1834,1840,302,302,
rs9491384,2345,2363,2133,2164,522,473,
rs980014,1410,1392,2453,2464,1137,1144,
rs9401900,5000,5000,0,0,0,0,
rs4897235,5000,5000,0,0,0,0,
rs11755785,5000,5000,0,0,0,0,
rs4074848,4558,4586,435,407,7,7,
rs17421651,4160,4218,808,749,32,33,
rs722208,2566,2658,1964,1936,470,406,
rs11965894,4865,4890,133,110,2,0,
rs1740949,1906,1792,2345,2435,749,773,
rs3935973,3288,3302,1532,1527,180,171,
rs12193817,3355,3427,1486,1389,159,184,
rs6942152,2300,2278,2160,2180,540,542,
rs7750871,2422,2536,2128,2034,450,430,
rs17086882,3985,4047,953,891,62,62,
rs17087225,3416,3402,1430,1461,154,137,
rs13209934,5000,5000,0,0,0,0,
rs7751159,4593,4589,398,401,9,10,
rs9355359,1263,1302,2505,2493,1232,1205,
rs10806767,2598,2538,1996,2075,406,387,
rs13208789,2115,2103,2280,2309,605,588,
rs1637759,1994,2066,2312,2254,694,680,
rs940777,1336,1352,2493,2516,1171,1132,
rs7788807,4277,4267,691,705,32,28,
rs4725018,4036,4076,917,870,47,54,
rs17137154,4040,4033,905,921,55,46,
rs13223776,3982,3958,949,984,69,58,
rs6965209,3019,2986,1702,1757,279,257,
rs12699162,1976,1983,2332,2329,692,688,
rs4590329,3326,3368,1508,1482,166,150,
rs4721151,1360,1358,2478,2481,1162,1161,
rs6461149,1301,1414,2561,2417,1138,1169,
rs2700308,3430,3480,1433,1378,137,142,
rs2282888,2230,2197,2193,2214,577,589,
rs12700402,2324,2292,2152,2209,524,499,
rs7791434,2643,2655,1951,1967,406,378,
rs2057995,4386,4367,587,609,27,24,
rs10252532,2479,2436,2082,2115,439,449,
rs2391703,3959,3968,976,977,65,55,
rs7792372,1416,1487,2510,2503,1074,1010,
rs17161546,4850,4842,149,156,1,2,
rs17475728,2748,2790,1890,1889,362,321,
rs17699339,4285,4310,679,661,36,29,
rs17171795,5000,5000,0,0,0,0,
rs7787119,5000,5000,0,0,0,0,
rs13898,4330,4357,644,629,26,14,
rs1294882,3537,3549,1338,1343,125,108,
rs9639018,1391,1387,2469,2461,1140,1152,
rs10248242,1532,1485,2404,2454,1064,1061,
rs11238214,2071,2150,2285,2217,644,633,
rs4947921,4775,4763,222,229,3,8,
rs12669860,5000,5000,0,0,0,0,
rs2159680,1483,1479,2516,2464,1001,1057,
rs4718093,2388,2418,2156,2143,456,439,
rs12698688,1957,1925,2356,2412,687,663,
rs17751099,3362,3389,1488,1440,150,171,
rs628885,3438,3424,1382,1413,180,163,
rs1592903,4514,4496,474,497,12,7,
rs12530707,3613,3629,1273,1272,114,99,
rs10228963,4283,4301,699,672,18,27,
rs7783945,5000,5000,0,0,0,0,
rs12668093,3532,3488,1326,1384,142,128,
rs6978184,3404,3442,1432,1404,164,154,
rs1922240,2433,2510,2137,2061,430,429,
rs2538918,2000,2020,2345,2331,655,649,
rs10245350,4425,4457,555,524,20,19,
rs10480590,5000,5000,0,0,0,0,
rs2282971,1791,1857,2408,2339,801,804,
rs17147408,4696,4678,301,320,3,2,
rs1575847,3883,3892,1043,1050,74,58,
rs167679,2661,2640,1961,2004,378,356,
rs2040770,2787,2761,1918,1909,295,330,
rs11762707,2366,2337,2119,2139,515,524,
rs1989885,3766,3710,1149,1178,85,112,
rs900485,3984,4024,964,925,52,51,
rs13223572,2734,2704,1924,1954,342,342,
rs39367,1682,1676,2448,2404,870,920,
rs4451226,1555,1544,2502,2518,943,938,
rs6968918,5000,5000,0,0,0,0,
rs848896,4290,4281,685,693,25,26,
rs4730392,3186,3193,1610,1601,204,206,
rs870266,4467,4506,521,477,12,17,
rs2896167,3555,3557,1322,1322,123,121,
rs2402057,2332,2363,2190,2173,478,464,
rs10500062,2251,2289,2196,2186,553,525,
rs38896,1649,1597,2487,2451,864,952,
rs2214660,3570,3538,1307,1348,123,114,
rs6957525,1799,1839,2377,2369,824,792,
rs2106308,2059,2038,2320,2299,621,663,
rs11563401,5000,5000,0,0,0,0,
rs806167,5000,5000,0,0,0,0,
rs2076805,2352,2353,2126,2168,522,479,
rs17348939,1371,1401,2516,2479,1113,1120,
rs6467358,2039,2110,2333,2247,628,643,
rs6963574,5000,5000,0,0,0,0,
rs9649039,2757,2759,1940,1905,303,336,
rs12537465,4296,4380,678,597,26,23,
rs324649,1810,1816,2384,2371,806,813,
rs6955929,4462,4521,519,473,19,6,
rs724396,2448,2458,2080,2090,472,452,
rs6951380,5000,5000,0,0,0,0,
rs4395807,4186,4142,784,828,30,30,
rs12703545,3712,3644,1185,1259,103,97,
rs850343,2661,2652,1975,1994,364,354,
rs11764733,1786,1795,2390,2432,824,773,
rs7793882,1640,1518,2452,2551,908,931,
rs6980443,1273,1258,2534,2516,1193,1226,
rs7792679,5000,5000,0,0,0,0,
rs12538189,2422,2413,2125,2106,453,481,
rs712199,3205,3167,1590,1637,205,196,
rs11779367,2220,2196,2210,2250,570,554,
rs7836624,4010,4064,926,894,64,42,
rs9644319,2358,2328,2096,2170,546,502,
rs6998131,2972,2998,1753,1753,275,249,
rs13268647,1790,1815,2446,2379,764,806,
rs4369015,5000,5000,0,0,0,0,
rs2740873,4108,4164,851,796,41,40,
rs11774235,1360,1346,2515,2467,1125,1187,
rs9314528,3384,3362,1444,1492,172,146,
rs10104910,4002,3994,934,959,64,47,
rs7845668,1688,1775,2442,2413,870,812,
rs1918036,1739,1730,2409,2364,852,906,
rs7826514,4936,4923,64,77,0,0,
rs10102480,4922,4917,78,83,0,0,
rs3020246,1556,1636,2463,2391,981,973,
rs7826486,5000,5000,0,0,0,0,
rs11998382,2759,2693,1907,1986,334,321,
rs4609193,2514,2465,2054,2099,432,436,
rs1383489,5000,5000,0,0,0,0,
rs7839595,1794,1698,2373,2499,833,803,
rs6530877,1925,1992,2337,2302,738,706,
rs2736043,1625,1630,2443,2426,932,944,
rs3862082,1386,1409,2546,2457,1068,1134,
rs2245642,4350,4364,635,612,15,24,
rs11204158,3050,3075,1727,1701,223,224,
rs17578436,4509,4500,483,487,8,13,
rs17052253,5000,5000,0,0,0,0,
rs12678637,3335,3356,1512,1483,153,161,
rs2322411,3034,3106,1738,1652,228,242,
rs351775,1469,1438,2469,2526,1062,1036,
rs7833529,1314,1254,2504,2528,1182,1218,
rs7013264,5000,5000,0,0,0,0,
rs7014438,4908,4914,92,85,0,1,
rs7816998,2799,2810,1911,1889,290,301,
rs10103766,5000,5000,0,0,0,0,
rs7006871,3150,3159,1652,1638,198,203,
rs4873274,2057,2102,2272,2261,671,637,
rs10099942,4151,4091,810,859,39,50,
rs6473847,4455,4465,532,523,13,12,
rs4642623,4203,4234,750,729,47,37,
rs1532899,3205,3243,1587,1568,208,189,
rs6982990,2651,2722,1994,1940,355,338,
rs10113823,3269,3273,1570,1552,161,175,
rs4738940,1361,1302,2516,2527,1123,1171,
rs13271663,4430,4438,554,548,16,14,
rs2256012,3506,3436,1359,1407,135,157,
rs10504555,5000,5000,0,0,0,0,
rs976913,1514,1628,2526,2418,960,954,
rs7839056,3537,3545,1342,1332,121,123,
rs16905824,4241,4174,724,799,35,27,
rs12114236,4846,4858,151,141,3,1,
rs2740778,2098,2142,2312,2279,590,579,
rs7846141,5000,5000,0,0,0,0,
rs11784946,1853,1889,2393,2359,754,752,
rs279479,1539,1583,2515,2458,946,959,
rs16915831,4422,4374,561,600,17,26,
rs7827995,5000,5000,0,0,0,0,
rs4377930,3901,3951,1035,988,64,61,
rs1492656,1372,1365,2547,2499,1081,1136,
rs1492652,1504,1547,2511,2460,985,993,
rs8879,2949,2973,1800,1752,251,275,
rs7842393,3680,3628,1233,1281,87,91,
rs15989,2130,2068,2311,2328,559,604,
rs10955256,1793,1780,2361,2432,846,788,
rs2460221,3493,3511,1388,1333,119,156,
rs10955409,1833,1894,2391,2372,776,734,
rs10098562,4598,4609,394,383,8,8,
rs11984540,5000,5000,0,0,0,0,
rs2030506,1473,1428,2467,2490,1060,1082,
rs10089147,5000,5000,0,0,0,0,
rs6983774,3184,3167,1594,1636,222,197,
rs800870,2033,1903,2317,2405,650,692,
rs10955754,5000,5000,0,0,0,0,
rs988808,3331,3320,1494,1520,175,160,
rs7008680,2592,2510,1986,2076,422,414,
rs1897745,2042,2036,2348,2273,610,691,
rs16896622,3590,3605,1300,1280,110,115,
rs12115047,5000,5000,0,0,0,0,
rs4871320,2427,2481,2136,2091,437,428,
rs7015300,4040,4070,908,887,52,43,
rs926128,2223,2249,2237,2191,540,560,
rs10956369,2255,2248,2206,2251,539,501,
rs7814837,4361,4345,615,633,24,22,
rs13258742,3966,3948,987,1002,47,50,
rs10481171,5000,5000,0,0,0,0,
rs12155905,3477,3439,1379,1434,144,127,
rs7818360,5000,5000,0,0,0,0,
rs1040339,4750,4750,248,247,2,3,
rs16904960,3228,3225,1560,1583,212,192,
rs3802217,1729,1741,2444,2407,827,852,
rs10112201,4578,4576,407,419,15,5,
rs7017102,4354,4359,622,613,24,28,
rs7025078,3533,3510,1327,1369,140,121,
rs6475625,5000,5000,0,0,0,0,
rs7034291,4597,4625,396,371,7,4,
rs951777,1230,1324,2532,2480,1238,1196,
rs10758590,2368,2352,2157,2197,475,451,
rs10976909,4926,4918,74,82,0,0,
rs12346891,4221,4163,745,801,34,36,
rs7048068,3001,3029,1728,1721,271,250,
rs2821487,3432,3404,1433,1452,135,144,
rs1446258,5000,5000,0,0,0,0,
rs721577,2322,2298,2157,2175,521,527,
rs2382437,3707,3697,1194,1201,99,102,
rs10116665,4905,4898,94,100,1,2,
rs6475082,4429,4469,556,505,15,26,
rs10962717,1746,1665,2359,2400,895,935,
rs7864214,5000,5000,0,0,0,0,
rs1281351,5000,5000,0,0,0,0,
rs13284320,2675,2750,1991,1909,334,341,
rs10965000,5000,5000,0,0,0,0,
rs1412455,3348,3271,1460,1521,192,208,
rs1434880,2995,3065,1734,1679,271,256,
rs1111782,2905,2872,1827,1825,268,303,
rs10968560,4058,4054,899,888,43,58,
rs16915791,5000,5000,0,0,0,0,
rs10813525,1413,1367,2510,2593,1077,1040,
rs288884,3188,3188,1596,1625,216,187,
rs7028914,3961,3865,979,1081,60,54,
rs2017241,3226,3261,1563,1525,211,214,
rs12555245,4519,4514,473,471,8,15,
rs11142708,3556,3582,1306,1325,138,93,
rs11143623,2300,2252,2147,2225,553,523,
rs156772,4611,4593,379,405,10,2,
rs10746936,1512,1454,2455,2485,1033,1061,
rs6560416,2015,2057,2312,2288,673,655,
rs10869497,1437,1396,2513,2483,1050,1121,
rs4745444,1739,1739,2416,2391,845,870,
rs2275406,3763,3786,1154,1141,83,73,
rs12342554,5000,5000,0,0,0,0,
rs10867313,3722,3782,1191,1129,87,89,
rs10117770,3812,3790,1091,1121,97,89,
rs4877566,2602,2473,1991,2111,407,416,
rs10780435,1630,1599,2447,2532,923,869,
rs10867737,3000,2956,1749,1804,251,240,
rs4504715,3383,3400,1460,1445,157,155,
rs329204,1902,1933,2356,2361,742,706,
rs6559862,3128,3177,1663,1607,209,216,
rs10481762,3600,3628,1281,1249,119,123,
rs10780767,1573,1581,2505,2499,922,920,
rs1571515,2102,2092,2290,2273,608,635,
rs2004205,1875,1830,2371,2385,754,785,
rs4743838,2990,2960,1732,1780,278,260,
rs10761156,1350,1239,2419,2516,1231,1245,
rs7865735,4379,4370,597,609,24,21,
rs3852401,4264,4289,713,683,23,28,
rs380205,3893,3914,1050,1022,57,64,
rs2001382,1282,1322,2522,2505,1196,1173,
rs12377244,3295,3300,1546,1521,159,179,
rs13301794,1293,1384,2556,2475,1151,1141,
rs2184026,2152,2237,2268,2167,580,596,
rs12336513,4435,4448,547,530,18,22,
rs2153124,2148,2111,2284,2260,568,629,
rs2417297,3659,3656,1235,1239,106,105,
rs1352980,1447,1406,2487,2514,1066,1080,
rs7037141,3962,3909,967,1038,71,53,
rs17309137,2324,2335,2168,2176,508,489,
rs944171,5000,5000,0,0,0,0,
rs9695201,2362,2308,2146,2178,492,514,
rs10481657,2711,2688,1937,1946,352,366,
rs1323380,3532,3466,1337,1414,131,120,
rs10512401,4267,4239,699,738,34,23,
rs9969673,5000,5000,0,0,0,0,
rs576515,1695,1621,2461,2467,844,912,
rs12000633,2203,2146,2239,2284,558,570,
rs10981545,4734,4768,263,230,3,2,
rs7851968,3219,3325,1595,1504,186,171,
rs2006996,4474,4501,516,487,10,12,
rs1409635,2729,2670,1927,1973,344,357,
rs10983582,4591,4597,399,398,10,5,
rs12349888,4475,4494,515,499,10,7,
rs10818977,2432,2330,2091,2194,477,476,
rs10986429,5000,5000,0,0,0,0,
rs10513479,5000,5000,0,0,0,0,
rs7034108,5000,5000,0,0,0,0,
rs352968,5000,5000,0,0,0,0,
rs2050243,1255,1268,2557,2559,1188,1173,
rs3012717,3118,3241,1664,1556,218,203,
rs4962195,2342,2348,2106,2125,552,527,
rs11244017,1808,1789,2410,2361,782,850,
rs729614,4117,4135,847,827,36,38,
rs10858173,2864,2922,1835,1808,301,270,
rs3124594,1673,1695,2442,2430,885,875,
rs12335931,5000,5000,0,0,0,0,
rs11137335,3054,3071,1716,1714,230,215,
rs10903832,4413,4440,564,550,23,10,
rs7073016,1330,1348,2521,2542,1149,1110,
rs10751919,4531,4533,459,458,10,9,
rs943031,5000,5000,0,0,0,0,
rs1119654,2279,2196,2149,2257,572,547,
rs11252650,3073,3191,1696,1607,231,202,
rs7097673,1554,1595,2453,2479,993,926,
rs6602240,1992,1975,2333,2356,675,669,
rs8177626,4913,4921,87,79,0,0,
rs2026628,1318,1345,2522,2533,1160,1122,
rs1705333,2194,2222,2228,2217,578,561,
rs11819138,3774,3736,1139,1180,87,84,
rs6602539,2744,2803,1921,1875,335,322,
rs10906052,1636,1659,2519,2413,845,928,
rs17155144,5000,5000,0,0,0,0,
rs12780876,2379,2376,2121,2130,500,494,
rs1057970,5000,5000,0,0,0,0,
rs780831,2547,2593,2033,1997,420,410,
rs17140640,5000,5000,0,0,0,0,
rs10828834,3297,3266,1510,1537,193,197,
rs7094890,5000,5000,0,0,0,0,
rs2358873,3802,3869,1116,1054,82,77,
rs11012067,2657,2737,1984,1923,359,340,
rs11012190,3739,3742,1166,1163,95,95,
rs11012512,5000,5000,0,0,0,0,
rs10508649,4842,4832,157,168,1,0,
rs1012073,5000,5000,0,0,0,0,
rs8190646,3704,3717,1190,1194,106,89,
rs2807763,3153,3148,1640,1657,207,195,
rs2776932,3627,3534,1267,1340,106,126,
rs11009490,4255,4291,709,676,36,33,
rs664538,1712,1723,2454,2401,834,876,
rs1030841,5000,5000,0,0,0,0,
rs4934721,1916,1896,2316,2407,768,697,
rs4935712,1791,1744,2409,2451,800,805,
rs10822288,1829,1863,2402,2376,769,761,
rs9988728,2317,2339,2180,2193,503,468,
rs7909144,2015,1967,2298,2349,687,684,
rs11005044,2160,2125,2285,2268,555,607,
rs1275276,1276,1270,2517,2531,1207,1199,
rs7094271,1815,1853,2416,2378,769,769,
rs10821705,1254,1308,2479,2483,1267,1209,
rs7923071,2049,1953,2266,2324,685,723,
rs2394085,2676,2750,1978,1916,346,334,
rs10822490,2243,2256,2232,2227,525,517,
rs2456737,3714,3698,1177,1221,109,81,
rs4314952,2130,2142,2247,2276,623,582,
rs7918386,2869,2779,1829,1932,302,289,
rs2657291,1945,1984,2377,2364,678,652,
rs2117794,1485,1439,2497,2492,1018,1069,
rs10509399,4537,4518,451,473,12,9,
rs35665,2731,2655,1938,1990,331,355,
rs2819873,4402,4450,572,535,26,15,
rs1324233,4496,4527,498,460,6,13,
rs10887479,3469,3428,1369,1429,162,143,
rs7090885,2183,2185,2249,2274,568,541,
rs303508,2130,2036,2222,2278,648,686,
rs4282910,3297,3322,1529,1502,174,176,
rs1318550,2202,2046,2206,2313,592,641,
rs7097242,3232,3266,1578,1559,190,175,
rs11572089,5000,5000,0,0,0,0,
rs3181118,4420,4437,564,547,16,16,
rs7896866,2585,2602,2004,2001,411,397,
rs7099144,1806,1841,2435,2447,759,712,
rs772029,1806,1751,2416,2487,778,762,
rs11191375,3821,3863,1095,1048,84,89,
rs2984132,1913,1962,2367,2359,720,679,
rs1265164,4517,4530,471,459,12,11,
rs12255544,4309,4312,660,659,31,29,
rs7087931,2571,2542,2002,2062,427,396,
rs12247678,5000,5000,0,0,0,0,
rs17120068,2872,2816,1809,1862,319,322,
rs1467709,2265,2268,2220,2226,515,506,
rs4406759,2825,2850,1827,1850,348,300,
rs10884751,3443,3449,1413,1427,144,124,
rs1936140,5000,5000,0,0,0,0,
rs1891374,3705,3671,1185,1213,110,116,
rs11195450,3449,3378,1387,1476,164,146,
rs11195703,2373,2351,2159,2136,468,513,
rs855774,3369,3416,1453,1438,178,146,
rs196342,3907,3931,1017,1002,76,67,
rs3740568,5000,5000,0,0,0,0,
rs7894236,4042,4097,911,856,47,47,
rs2936862,1558,1550,2478,2429,964,1021,
rs7092666,4108,4146,861,823,31,31,
rs6588759,2304,2359,2191,2106,505,535,
rs4402252,2076,2078,2289,2281,635,641,
rs11245289,1648,1615,2515,2466,837,919,
rs10901856,4024,3968,928,975,48,57,
rs7094400,5000,5000,0,0,0,0,
rs7083778,2500,2501,2091,2088,409,411,
rs4751335,1621,1639,2433,2433,946,928,
rs11101683,5000,5000,0,0,0,0,
rs2857476,1373,1369,2515,2483,1112,1148,
rs2641405,2089,2142,2261,2228,650,630,
rs10836397,1761,1781,2432,2405,807,814,
rs7937228,5000,5000,0,0,0,0,
rs12420732,2760,2816,1925,1901,315,283,
rs7942925,4122,4127,842,833,36,40,
rs10831948,1591,1618,2408,2455,1001,927,
rs6254,2400,2370,2148,2172,452,458,
rs10832063,3830,3823,1093,1102,77,75,
rs2054733,1547,1651,2479,2406,974,943,
rs450828,3768,3834,1153,1086,79,80,
rs12280934,5000,5000,0,0,0,0,
rs6486431,3722,3780,1095,1132,183,88,
rs2017056,4753,4758,245,241,2,1,
rs2625301,2951,3035,1782,1710,267,255,
rs1554367,3267,3337,1591,1495,142,168,
rs6483733,2746,2770,1913,1900,341,330,
rs337459,3447,3490,1405,1371,148,139,
rs1462549,5000,5000,0,0,0,0,
rs7941806,4922,4920,78,80,0,0,
rs10834639,2436,2425,2101,2091,463,484,
rs11029070,3190,3193,1638,1625,172,182,
rs7110348,2222,2293,2213,2188,565,519,
rs1906843,3458,3560,1412,1328,130,112,
rs1381180,1292,1276,2479,2568,1229,1156,
rs11030016,2554,2493,2012,2116,434,391,
rs7930653,3162,3216,1635,1622,203,162,
rs16920676,5000,5000,0,0,0,0,
rs110688,1991,1986,2335,2359,674,655,
rs10835889,3813,3811,1109,1114,78,75,
rs525938,2831,2790,1865,1889,304,321,
rs17445923,4574,4619,424,373,2,8,
rs11035405,2710,2723,1926,1914,364,363,
rs1348001,1951,1906,2323,2405,726,689,
rs16937650,4279,4282,696,689,25,29,
rs3824894,1393,1375,2491,2499,1116,1126,
rs1811494,4232,4222,728,749,40,29,
rs11038668,2881,2880,1839,1854,280,266,
rs7108186,2507,2502,2059,2053,434,445,
rs572957,4115,4140,836,814,49,46,
rs4581466,1353,1281,2459,2501,1188,1218,
rs1522759,2638,2643,1970,2005,392,352,
rs2513062,2188,2183,2203,2218,609,599,
rs11231308,4483,4492,508,493,9,15,
rs7941102,3282,3245,1535,1567,183,188,
rs12277191,4218,4204,759,762,23,34,
rs508435,1443,1462,2510,2500,1047,1038,
rs10899398,2694,2738,1960,1908,346,354,
rs495912,1374,1386,2507,2451,1119,1163,
rs2663203,1334,1336,2485,2467,1181,1197,
rs17139593,5000,5000,0,0,0,0,
rs4945404,3268,3199,1518,1607,214,194,
rs2448265,4823,4837,175,161,2,2,
rs2512996,2440,2484,2089,2080,471,436,
rs16914129,3911,3855,1034,1078,55,67,
rs4294531,1345,1405,2521,2473,1134,1122,
rs11019726,4353,4384,614,596,33,20,
rs6483169,1656,1609,2422,2499,922,892,
rs11020011,5000,5000,0,0,0,0,
rs7942955,2619,2566,2001,2053,380,381,
rs1532710,2405,2423,2111,2133,484,444,
rs12418450,4422,4481,562,503,16,16,
rs10502001,3348,3419,1493,1430,159,151,
rs7926530,1496,1420,2464,2555,1040,1025,
rs10895522,2453,2514,2098,2034,449,452,
rs2513255,4510,4536,480,452,10,12,
rs10890795,2548,2472,2023,2129,429,399,
rs11822807,5000,5000,0,0,0,0,
rs17509332,3903,3966,1037,969,60,65,
rs6589398,1298,1348,2513,2461,1189,1191,
rs7126080,1487,1500,2498,2426,1015,1074,
rs7118530,1903,1999,2359,2307,738,694,
rs625145,3459,3422,1384,1425,157,153,
rs3741278,3898,3881,1039,1052,63,67,
rs11216466,4416,4403,563,581,21,16,
rs4388923,2320,2350,2190,2133,490,517,
rs7102225,5000,5000,0,0,0,0,
rs590843,1967,1943,2330,2337,703,720,
rs684913,4443,4429,543,552,14,19,
rs1344168,4106,4159,858,795,36,46,
rs10893032,2148,2158,2295,2223,557,619,
rs7112745,2234,2163,2196,2259,570,578,
rs11219341,5000,5000,0,0,0,0,
rs11825168,5000,5000,0,0,0,0,
rs1426153,3273,3238,1545,1588,182,174,
rs1056417,1400,1400,2473,2447,1127,1153,
rs10790790,1863,1945,2370,2324,767,731,
rs4937342,4259,4273,717,698,24,29,
rs7111143,2794,2723,1902,1926,304,351,
rs519337,3929,4001,1015,948,56,51,
rs10894532,3419,3544,1435,1318,146,138,
rs1669258,1342,1370,2517,2518,1141,1112,
rs11821080,4582,4576,410,413,8,11,
rs10849603,3475,3448,1372,1425,153,127,
rs16928482,4130,4128,825,825,45,47,
rs2190766,3752,3742,1157,1156,91,102,
rs7299658,3631,3646,1253,1260,116,94,
rs10848789,2641,2512,1969,2115,390,373,
rs1000823,1652,1696,2499,2402,849,902,
rs4766130,2843,2833,1816,1829,341,338,
rs2241286,5000,5000,0,0,0,0,
rs11063591,4574,4558,420,430,6,12,
rs12371617,1763,1736,2358,2424,879,840,
rs11064095,5000,5000,0,0,0,0,
rs10743549,3163,3124,1591,1671,246,205,
rs1863246,5000,5000,0,0,0,0,
rs11055475,4493,4530,494,462,13,8,
rs1450970,2876,2860,1851,1843,273,297,
rs2037153,3373,3408,1471,1427,156,165,
rs3913142,2389,2393,2176,2144,435,463,
rs12296851,3864,3844,1047,1075,89,81,
rs451921,4682,4650,314,342,4,8,
rs12146814,4470,4520,518,464,12,16,
rs11835626,3436,3437,1405,1392,159,171,
rs35068,2168,2162,2238,2234,594,604,
rs4931478,2037,2023,2322,2372,641,605,
rs7300700,2043,2017,2288,2346,669,637,
rs12227043,4292,4302,681,679,27,19,
rs11181339,1720,1614,2324,2436,956,950,
rs11175655,3972,3938,964,1002,64,60,
rs1867435,5000,5000,0,0,0,0,
rs7304371,3984,3869,949,1062,67,69,
rs1316959,4271,4269,690,707,39,24,
rs10506260,4163,4194,798,776,39,30,
rs10785669,2978,2961,1749,1763,273,276,
rs17125583,4606,4574,379,415,15,11,
rs10876222,3247,3254,1538,1544,215,202,
rs10747626,3078,3093,1671,1665,251,242,
rs2067554,2300,2220,2145,2247,555,533,
rs10876569,2519,2539,2053,2004,428,457,
rs2270736,4084,4072,884,883,32,45,
rs782119,4032,4011,910,928,58,61,
rs1392314,2791,2772,1888,1917,321,311,
rs7980186,5000,5000,0,0,0,0,
rs774161,3279,3296,1541,1529,180,175,
rs699599,1737,1738,2389,2396,874,866,
rs9645806,1507,1510,2492,2467,1001,1023,
rs2134831,3283,3293,1541,1513,176,194,
rs11829683,3887,3923,1052,1015,61,62,
rs10878676,3928,3936,1015,1008,57,56,
rs1544681,3213,3114,1567,1691,220,195,
rs11177019,3502,3508,1361,1374,137,118,
rs12369068,3229,3193,1572,1590,199,217,
rs10732755,5000,5000,0,0,0,0,
rs12315661,5000,5000,0,0,0,0,
rs12318507,5000,5000,0,0,0,0,
rs6538356,1325,1351,2498,2478,1177,1171,
rs12310302,3660,3617,1229,1259,111,124,
rs17006366,5000,5000,0,0,0,0,
rs10862276,3279,3291,1542,1521,179,188,
rs17708744,3005,2981,1728,1760,267,259,
rs10778928,3454,3510,1392,1343,154,147,
rs17010710,3865,3900,1062,1027,73,73,
rs4761102,1797,1872,2459,2357,744,771,
rs6538083,3833,3820,1090,1111,77,69,
rs10506986,1901,1907,2414,2377,685,716,
rs11107768,3293,3365,1530,1462,177,173,
rs10777827,2448,2420,2074,2126,478,454,
rs10860227,1699,1721,2421,2398,880,881,
rs1877879,2680,2684,1983,1976,337,340,
rs12315326,4359,4351,622,633,19,16,
rs4131522,3754,3740,1147,1186,99,74,
rs11112421,3421,3382,1440,1457,139,161,
rs7964744,3750,3694,1128,1190,122,116,
rs1861590,3788,3843,1120,1081,92,76,
rs12580178,1918,1918,2373,2366,709,716,
rs16942427,5000,5000,0,0,0,0,
rs4767312,3794,3786,1121,1112,85,102,
rs2291910,3036,3069,1732,1688,232,243,
rs1500089,5000,5000,0,0,0,0,
rs1446425,2216,2122,2193,2279,591,599,
rs1879409,3042,3039,1702,1682,256,279,
rs2649955,3250,3277,1567,1532,183,191,
rs175879,2961,2978,1769,1816,270,206,
rs11065244,5000,5000,0,0,0,0,
rs7310898,5000,5000,0,0,0,0,
rs1476796,2773,2779,1889,1871,338,350,
rs986835,1924,1856,2319,2407,757,737,
rs11058842,2130,2163,2276,2258,594,579,
rs11060233,4830,4828,166,170,4,2,
rs265598,2019,2039,2296,2258,685,703,
rs10773738,3354,3338,1486,1511,160,151,
rs2875200,5000,5000,0,0,0,0,
rs4483699,3414,3327,1419,1507,167,166,
rs9550716,2727,2750,1942,1933,331,317,
rs2798270,4585,4590,405,405,10,5,
rs3847997,2238,2248,2187,2198,575,554,
rs17073116,4225,4180,733,788,42,32,
rs12868447,3313,3336,1516,1486,171,178,
rs6490826,2099,2166,2311,2236,590,598,
rs7981616,3370,3345,1455,1485,175,170,
rs7990943,1637,1683,2498,2434,865,883,
rs9512654,3508,3457,1357,1379,135,164,
rs9578078,2425,2384,2096,2143,479,473,
rs7996508,3570,3586,1302,1314,128,100,
rs17604461,4076,4100,876,867,48,33,
rs9805864,3237,3241,1589,1573,174,186,
rs17074112,5000,5000,0,0,0,0,
rs4943293,2817,2722,1843,1938,340,340,
rs9549059,3681,3603,1214,1276,105,121,
rs144848,2419,2580,2032,2014,549,406,
rs12716668,2501,2463,2049,2104,450,433,
rs9569991,4923,4914,77,86,0,0,
rs4943138,1416,1409,2521,2561,1063,1030,
rs17079711,1940,1972,2406,2332,654,696,
rs1461963,5000,5000,0,0,0,0,
rs2323125,3430,3544,1427,1327,143,129,
rs9315610,5000,5000,0,0,0,0,
rs9548505,4215,4223,759,745,26,32,
rs7328575,1610,1594,2452,2425,938,981,
rs17591231,2522,2595,2091,1980,387,425,
rs9590631,2000,2044,2311,2302,689,654,
rs9525589,2064,2018,2266,2336,670,646,
rs1535896,3291,3324,1530,1477,179,199,
rs9525821,2434,2524,2151,2034,415,442,
rs2248414,2316,2315,2176,2192,508,493,
rs7325084,3313,3358,1517,1477,170,165,
rs2224777,1825,1804,2352,2374,823,822,
rs9535112,1398,1383,2473,2497,1129,1120,
rs9568363,2930,3001,1815,1733,255,266,
rs2687936,4578,4560,416,430,6,10,
rs201779,4662,4652,333,339,5,9,
rs17061145,3651,3588,1245,1300,104,112,
rs12865343,2634,2628,1975,2005,391,367,
rs9537411,3341,3341,1504,1501,155,158,
rs7326730,2232,2186,2193,2261,575,553,
rs1394879,1971,2013,2319,2333,710,654,
rs1577681,2706,2743,1953,1900,341,357,
rs1821315,1457,1431,2476,2506,1067,1063,
rs9541152,3544,3541,1315,1325,141,134,
rs9541895,3581,3615,1316,1274,103,111,
rs9542376,2949,2900,1801,1832,250,268,
rs726250,4240,4161,723,789,37,50,
rs875589,2748,2799,1927,1894,325,307,
rs1440870,5000,5000,0,0,0,0,
rs9573273,2114,2118,2281,2277,605,605,
rs17063285,1961,1929,2354,2343,685,728,
rs8001900,5000,5000,0,0,0,0,
rs11843526,5000,5000,0,0,0,0,
rs8001997,2399,2354,2142,2180,459,466,
rs9593228,5000,5000,0,0,0,0,
rs12100439,4652,4694,345,303,3,3,
rs4075134,3800,3759,1117,1158,83,83,
rs12431031,4566,4630,423,358,11,12,
rs4502116,4165,4201,789,757,46,42,
rs1335556,1415,1356,2450,2515,1135,1129,
rs2149967,3484,3464,1378,1401,138,135,
rs880546,3147,3175,1633,1612,220,213,
rs11839972,4747,4724,251,271,2,5,
rs7987457,4496,4484,489,506,15,10,
rs9584426,4199,4203,771,759,30,38,
rs9582224,3926,3997,1011,944,63,59,
rs7985827,3444,3495,1429,1361,127,144,
rs1782671,1477,1455,2484,2555,1039,990,
rs17724248,4242,4183,724,787,34,30,
rs13378764,3062,2992,1719,1753,219,255,
rs9513782,3169,3144,1615,1649,216,207,
rs16958962,5000,5000,0,0,0,0,
rs16959621,4920,4927,80,73,0,0,
rs11840863,5000,5000,0,0,0,0,
rs1022240,4136,4217,823,741,41,42,
rs2575125,3381,3453,1470,1411,149,136,
rs12184619,5000,5000,0,0,0,0,
rs9583048,2721,2713,1937,1927,342,360,
rs9558691,4225,4258,740,717,35,25,
rs12585034,4677,4689,316,306,7,5,
rs9587505,3539,3593,1325,1296,136,111,
rs1926503,1755,1780,2433,2405,812,815,
rs9521184,1254,1278,2559,2493,1187,1229,
rs1927668,4344,4374,636,604,20,22,
rs329916,4446,4468,540,516,14,16,
rs12429603,3190,3148,1602,1646,208,206,
rs7324537,1789,1753,2386,2404,825,843,
rs7982267,4922,4929,78,71,0,0,
rs6577082,5000,5000,0,0,0,0,
rs9603901,4421,4425,563,558,16,17,
rs12878905,3705,3684,1202,1212,93,104,
rs7153022,5000,5000,0,0,0,0,
rs5742814,3805,3758,1123,1185,72,57,
rs7154522,4909,4910,90,90,1,0,
rs412768,2484,2522,2093,2043,423,435,
rs10149590,2376,2353,2127,2116,497,531,
rs3212243,2967,3000,1756,1751,277,249,
rs7147456,5000,5000,0,0,0,0,
rs8192916,1803,1874,2442,2372,755,754,
rs854356,3730,3765,1183,1152,87,83,
rs7161009,3164,3202,1640,1587,196,211,
rs1951035,4429,4420,556,562,15,18,
rs8020076,2083,2117,2360,2284,557,599,
rs17097906,5000,5000,0,0,0,0,
rs1279321,3569,3608,1325,1255,106,137,
rs10145647,4760,4761,237,235,3,4,
rs17101861,3689,3624,1220,1275,91,101,
rs1244376,3659,3559,1234,1320,107,121,
rs2899841,5000,5000,0,0,0,0,
rs1123204,1889,1840,2344,2381,767,779,
rs1956430,4451,4436,533,547,16,17,
rs17107191,5000,5000,0,0,0,0,
rs10145136,1367,1373,2433,2518,1200,1109,
rs2415525,4572,4579,422,409,6,12,
rs4903057,2271,2234,2204,2207,525,559,
rs10872928,3938,4027,988,915,74,58,
rs10140768,1490,1487,2456,2483,1054,1030,
rs10147488,5000,5000,0,0,0,0,
rs11844232,2524,2500,2078,2090,398,410,
rs12889311,2117,2080,2239,2275,644,645,
rs9323077,4775,4729,220,266,5,5,
rs12435942,3763,3770,1166,1153,71,77,
rs8008760,4844,4865,155,132,1,3,
rs17115980,5000,5000,0,0,0,0,
rs17117465,4736,4682,263,307,1,11,
rs11628072,2833,2928,1862,1804,305,268,
rs11157721,1862,1909,2364,2334,774,757,
rs4255695,3983,3954,950,998,67,48,
rs12050306,4433,4418,550,571,17,11,
rs2105230,3038,3113,1743,1674,219,213,
rs809115,4280,4267,704,706,16,27,
rs11157968,1293,1257,2546,2531,1161,1212,
rs7143300,2396,2362,2101,2156,503,482,
rs7153014,4920,4920,78,80,2,0,
rs1335517,3230,3259,1581,1571,189,170,
rs8021094,4004,3953,942,979,54,68,
rs11852015,4292,4281,678,699,30,20,
rs4902106,1627,1612,2443,2448,930,940,
rs1255968,4444,4411,542,570,14,19,
rs1255954,3655,3693,1251,1203,94,104,
rs10129316,3176,3165,1602,1635,222,200,
rs8004546,4462,4426,520,560,18,14,
rs4902750,3900,3931,1038,1008,62,61,
rs11844404,3343,3360,1483,1471,174,169,
rs10142893,4302,4240,672,725,26,35,
rs11623588,1721,1737,2427,2444,852,819,
rs17768636,3095,3088,1679,1706,226,206,
rs11625926,1418,1323,2453,2506,1129,1171,
rs17129410,4768,4757,231,242,1,1,
rs11850995,5000,5000,0,0,0,0,
rs17782328,3229,3260,1585,1569,186,171,
rs10220403,4919,4922,81,77,0,1,
rs3784013,4744,4760,254,239,2,1,
rs17103912,3705,3779,1217,1147,78,74,
rs1861422,3040,3044,1713,1742,247,214,
rs2242621,4105,4123,842,830,53,47,
rs7145924,5000,5000,0,0,0,0,
rs12147804,4263,4275,707,701,30,24,
rs8006722,5000,5000,0,0,0,0,
rs17117208,5000,5000,0,0,0,0,
rs2225385,4031,4063,910,889,59,48,
rs1381610,2057,2076,2316,2303,627,621,
rs7151326,2060,2020,2246,2324,694,656,
rs17202171,1415,1424,2485,2523,1100,1053,
rs17797254,4014,4014,940,930,46,56,
rs12881243,3329,3379,1491,1437,180,184,
rs7147429,4266,4280,695,685,39,35,
rs12432381,5000,5000,0,0,0,0,
rs10151997,5000,5000,0,0,0,0,
rs12894915,1900,1835,2338,2398,762,767,
rs8017423,1712,1686,2411,2462,877,852,
rs1980629,1927,1921,2332,2360,741,719,
rs1956711,3286,3301,1527,1521,187,178,
rs17827536,2554,2580,2026,1986,420,434,
rs11160219,2925,2949,1825,1794,250,257,
rs17091855,3972,3996,964,941,64,63,
rs7154628,4255,4239,715,736,30,25,
rs17094511,5000,5000,0,0,0,0,
rs1956852,1246,1263,2532,2516,1222,1221,
rs11846094,5000,5000,0,0,0,0,
rs6575988,3033,3009,1724,1722,243,269,
rs6575997,1579,1627,2468,2441,953,932,
rs3204173,3063,3153,1703,1632,234,215,
rs10519332,5000,5000,0,0,0,0,
rs17137334,3851,3845,1063,1085,86,70,
rs890321,1527,1476,2453,2541,1020,983,
rs2376837,2192,2173,2231,2225,577,602,
rs7178240,4256,4216,694,755,50,29,
rs12595745,4827,4833,172,166,1,1,
rs953326,2537,2476,2029,2089,434,435,
rs7179711,4607,4577,387,414,6,9,
rs11857997,1577,1539,2449,2533,974,928,
rs6495766,3144,3168,1633,1606,223,226,
rs1452916,1903,1829,2375,2421,722,750,
rs7163437,5000,5000,0,0,0,0,
rs4923807,1423,1346,2434,2514,1143,1140,
rs2078364,4201,4222,765,740,34,38,
rs724729,3669,3647,1215,1247,116,106,
rs11070327,1473,1470,2433,2477,1094,1053,
rs16966424,4503,4520,484,471,13,9,
rs7179667,2557,2579,2027,2014,416,407,
rs12909481,1632,1698,2488,2447,880,855,
rs11852587,2001,1973,2330,2294,669,733,
rs10467988,3525,3544,1327,1329,148,127,
rs7165573,5000,5000,0,0,0,0,
rs755251,2871,2900,1827,1807,302,293,
rs11070682,2131,2173,2287,2222,582,605,
rs1484556,2008,1975,2330,2355,662,670,
rs12595284,1636,1656,2486,2444,878,900,
rs2607117,2633,2590,1983,1996,384,414,
rs7176412,5000,5000,0,0,0,0,
rs2414208,5000,5000,0,0,0,0,
rs16965810,5000,5000,0,0,0,0,
rs537025,4265,4269,708,693,27,38,
rs12910709,2698,2682,1903,1954,399,364,
rs16976298,4331,4295,651,681,18,24,
rs16976354,5000,5000,0,0,0,0,
rs1520532,1632,1666,2462,2417,906,917,
rs12906873,1668,1600,2407,2508,925,892,
rs12910689,3587,3650,1301,1243,112,107,
rs7176344,1947,1948,2383,2356,670,696,
rs1107113,3099,2993,1669,1792,232,215,
rs4774982,4307,4283,658,688,35,29,
rs166358,3625,3715,1287,1176,88,109,
rs8023252,1631,1627,2441,2455,928,918,
rs4775413,1714,1769,2440,2379,846,852,
rs4775461,4390,4425,597,560,13,15,
rs9635366,3290,3233,1530,1578,180,189,
rs16951597,1273,1269,2513,2501,1214,1230,
rs12323992,1499,1483,2476,2517,1025,1000,
rs12440542,3615,3636,1294,1259,91,105,
rs8038216,2250,2228,2192,2246,558,526,
rs11858022,3905,3935,1036,997,59,68,
rs1442785,5000,5000,0,0,0,0,
rs17786786,2504,2496,2053,2058,443,446,
rs1871834,4849,4812,151,187,0,1,
rs12900925,5000,5000,0,0,0,0,
rs2957608,5000,5000,0,0,0,0,
rs1116535,1416,1371,2456,2470,1128,1159,
rs2271397,1527,1547,2504,2462,969,991,
rs2139444,1798,1753,2400,2392,802,855,
rs7183867,4411,4414,569,571,20,15,
rs1626458,4354,4391,625,587,21,22,
rs16972538,4248,4309,724,671,28,20,
rs6496586,3183,3223,1614,1576,203,201,
rs4887409,2643,2591,2001,2020,356,389,
rs16942969,5000,5000,0,0,0,0,
rs12438297,3604,3604,1270,1290,126,106,
rs3862434,2044,2076,2324,2285,632,639,
rs11636695,2785,2700,1889,1917,326,383,
rs8038073,2410,2378,2149,2177,441,445,
rs12912997,2601,2641,2030,1967,369,392,
rs1455777,1366,1244,2455,2521,1179,1235,
rs3826035,1284,1211,2471,2512,1245,1277,
rs7496827,1678,1644,2409,2456,913,900,
rs2388884,4101,4112,857,845,42,43,
rs16975959,4816,4848,184,151,0,1,
rs289478,1678,1656,2463,2401,859,943,
rs8039853,1644,1671,2487,2424,869,905,
rs11857366,2133,2183,2288,2220,579,597,
rs7168671,3590,3665,1298,1216,112,119,
rs2684790,3467,3470,1391,1397,142,133,
rs4965485,2098,2028,2263,2331,639,641,
rs1867092,2286,2311,2174,2190,540,499,
rs2585223,3561,3575,1317,1315,122,110,
rs903561,3877,3850,1036,1081,87,69,
rs6598481,3818,3820,1104,1107,78,73,
rs9929621,3380,3408,1462,1439,158,153,
rs17508399,4148,4101,814,850,38,49,
rs10500331,3623,3585,1265,1299,112,116,
rs17217621,1809,1803,2380,2402,811,795,
rs4786095,1896,1939,2336,2381,768,680,
rs1935398,3989,4027,943,917,68,56,
rs2345021,1342,1346,2450,2497,1208,1157,
rs17140844,5000,5000,0,0,0,0,
rs4525489,5000,5000,0,0,0,0,
rs7197955,1526,1503,2462,2504,1012,993,
rs4454975,3597,3618,1279,1259,124,123,
rs9928435,5000,5000,0,0,0,0,
rs740065,2240,2245,2235,2194,525,561,
rs2883429,1393,1370,2489,2521,1118,1109,
rs13339285,3328,3301,1502,1540,170,159,
rs171591,1235,1238,2547,2554,1218,1208,
rs7188014,3064,3031,1705,1719,231,250,
rs12444643,4121,4128,842,835,37,37,
rs2865630,2622,2614,2004,1995,374,391,
rs1126144,2653,2708,2004,1918,343,374,
rs7193709,3875,3835,1056,1104,69,61,
rs2187664,4120,4027,832,917,48,56,
rs9924516,2766,2800,1909,1854,325,346,
rs8051079,4472,4454,502,531,26,15,
rs2362556,2896,2885,1826,1829,278,286,
rs11640850,1942,1879,2352,2406,706,715,
rs9933588,4487,4442,503,538,10,20,
rs4548882,3612,3625,1278,1253,110,122,
rs4383153,4753,4753,246,243,1,4,
rs2545886,4068,4095,878,857,54,48,
rs7193998,5000,5000,0,0,0,0,
rs7404199,2332,2354,2178,2108,490,538,
rs194790,1599,1659,2442,2436,959,905,
rs17752150,4041,4072,900,868,59,60,
rs9921785,2106,2148,2297,2200,597,652,
rs4488449,2417,2430,2133,2094,450,476,
rs1895551,2424,2458,2114,2064,462,478,
rs11648273,2275,2296,2194,2204,531,500,
rs4787963,2618,2613,2004,2019,378,368,
rs480400,1346,1291,2503,2526,1151,1183,
rs14235,1840,1879,2387,2351,773,770,
rs9928006,2858,2916,1847,1806,295,278,
rs2967283,2684,2658,1960,2000,356,342,
rs7187779,2704,2675,1960,1965,336,360,
rs2111247,4540,4506,445,485,15,9,
rs8057103,5000,5000,0,0,0,0,
rs2076753,1943,1898,2353,2362,704,740,
rs7185923,1460,1430,2431,2485,1109,1085,
rs10163294,2334,2310,2212,2221,454,469,
rs12708942,4388,4331,584,654,28,15,
rs10492872,2478,2482,2097,2077,425,441,
rs2122488,3570,3536,1309,1351,121,113,
rs9927359,1357,1431,2552,2497,1091,1072,
rs1119109,5000,5000,0,0,0,0,
rs15534,3810,3843,1095,1076,95,81,
rs7500207,2481,2496,2048,2074,471,430,
rs1800775,1698,1740,2455,2416,847,844,
rs291039,5000,5000,0,0,0,0,
rs8044889,1495,1449,2465,2507,1040,1044,
rs16968811,3486,3493,1377,1375,137,132,
rs7202707,5000,5000,0,0,0,0,
rs462502,4527,4508,466,475,7,17,
rs13336470,3394,3371,1447,1468,159,161,
rs11075692,1616,1654,2413,2457,971,889,
rs4888108,2676,2710,1960,1933,364,357,
rs16948255,5000,5000,0,0,0,0,
rs8044400,4049,3944,902,989,49,67,
rs1827442,1878,1769,2369,2419,753,812,
rs11865457,4564,4597,429,387,7,16,
rs2244985,3613,3627,1274,1245,113,128,
rs1125814,3367,3249,1457,1581,176,170,
rs17750157,4447,4467,537,517,16,16,
rs7193739,1327,1321,2479,2494,1194,1185,
rs4889169,2925,2897,1794,1836,281,267,
rs11645677,3202,3165,1613,1650,185,185,
rs4888116,1772,1749,2425,2464,803,787,
rs9938212,1380,1400,2516,2391,1104,1209,
rs8048090,5000,5000,0,0,0,0,
rs3910216,4452,4430,522,552,26,18,
rs12447769,3211,3252,1604,1561,185,187,
rs247825,2558,2517,2051,2055,391,428,
rs17189576,3599,3631,1300,1253,101,116,
rs4843329,1830,1922,2434,2346,736,732,
rs4843391,4217,4187,745,773,38,40,
rs3931030,5000,5000,0,0,0,0,
rs11649550,1955,1825,2295,2440,750,735,
rs8062261,1301,1317,2530,2450,1169,1233,
rs7188458,1669,1680,2453,2428,878,892,
rs452977,5000,5000,0,0,0,0,
rs7220383,5000,5000,0,0,0,0,
rs2235107,4193,4242,776,718,31,40,
rs7214864,3532,3462,1336,1395,132,143,
rs2325879,3603,3606,1284,1272,113,122,
rs7221588,4859,4839,140,157,1,4,
rs9893197,2838,2705,1860,1961,302,334,
rs346822,4680,4646,318,350,2,4,
rs11078580,5000,5000,0,0,0,0,
rs8071077,4411,4419,576,569,13,12,
rs16955393,3097,3043,1669,1722,234,235,
rs8064573,5000,5000,0,0,0,0,
rs4796421,2936,2904,1807,1835,257,261,
rs7215135,4314,4257,660,717,26,26,
rs9902678,3046,3019,1695,1744,259,237,
rs12939270,3197,3186,1610,1612,193,202,
rs9896753,4815,4837,184,160,1,3,
rs9904671,5000,5000,0,0,0,0,
rs2072255,4411,4444,571,542,18,14,
rs1544505,3913,3844,1004,1085,83,71,
rs16947339,4012,4043,934,908,54,49,
rs7218874,2850,2830,1835,1859,315,311,
rs8076501,1696,1753,2461,2381,843,866,
rs8069770,5000,5000,0,0,0,0,
rs6502316,5000,5000,0,0,0,0,
rs1994029,4240,4187,728,783,32,30,
rs8082075,2162,2161,2268,2278,570,561,
rs12602675,4453,4416,533,562,14,22,
rs8080061,2620,2538,1995,2024,385,438,
rs3744391,4265,4325,702,650,33,25,
rs2108967,2430,2446,2113,2113,457,441,
rs7213608,2375,2384,2133,2125,492,491,
rs1075952,3043,3095,1720,1666,237,239,
rs1542123,4745,4723,251,272,4,5,
rs12941700,3693,3558,1211,1315,96,127,
rs1468197,3093,3038,1677,1740,230,222,
rs9912758,3186,3252,1633,1556,181,192,
rs2526325,5000,5000,0,0,0,0,
rs1617347,4695,4664,299,334,6,2,
rs9911751,5000,5000,0,0,0,0,
rs9900349,5000,5000,0,0,0,0,
rs9889247,5000,5000,0,0,0,0,
rs4795402,2380,2340,2109,2164,511,496,
rs2306580,3938,4007,1004,943,58,50,
rs9766,1616,1566,2469,2476,915,958,
rs1799949,2115,2133,2305,2236,580,631,
rs231486,2513,2497,2050,2069,437,434,
rs7220040,3152,3140,1617,1615,231,245,
rs1530364,2629,2617,2021,2003,350,380,
rs7214993,1954,1904,2346,2426,700,670,
rs4793688,3697,3697,1217,1201,86,102,
rs8068981,1833,1857,2391,2378,776,765,
rs11653251,2611,2614,1987,2014,402,372,
rs11871160,1535,1543,2520,2470,945,987,
rs7217023,5000,5000,0,0,0,0,
rs7216168,3310,3355,1535,1476,155,169,
rs7211655,2229,2241,2217,2190,554,569,
rs7207343,3526,3444,1347,1421,127,135,
rs9892351,5000,5000,0,0,0,0,
rs8071217,4055,4026,900,927,45,47,
rs744651,2839,2905,1857,1782,304,313,
rs9905016,4304,4269,683,700,13,31,
rs12451009,3369,3416,1454,1452,177,132,
rs7206992,2128,2126,2265,2290,607,584,
rs2044185,1802,1773,2404,2427,794,800,
rs990082,2302,2283,2199,2234,499,483,
rs1355984,3469,3412,1402,1446,129,142,
rs9891146,2401,2386,2130,2105,469,509,
rs8072825,5000,5000,0,0,0,0,
rs6501759,4232,4262,731,714,37,24,
rs1972933,1667,1604,2400,2467,933,929,
rs7217453,1861,1856,2394,2378,745,766,
rs1005318,2874,2961,1852,1767,274,272,
rs4793541,1418,1399,2551,2533,1031,1068,
rs16976914,4416,4430,571,550,13,20,
rs4793418,3924,3893,1016,1033,60,74,
rs1472454,3283,3246,1540,1570,177,184,
rs2661604,3958,3972,990,972,52,56,
rs11077708,2269,2182,2215,2262,516,556,
rs6501709,1490,1516,2509,2394,1001,1090,
rs1026074,4906,4904,94,96,0,0,
rs8082005,2915,2830,1792,1854,293,316,
rs973630,2159,2072,2242,2327,599,601,
rs4788951,4582,4554,405,435,13,11,
rs617870,2557,2647,2067,1987,376,366,
rs8070620,2974,2967,1771,1766,255,267,
rs7208287,2637,2644,1981,1962,382,394,
rs7225361,2020,2064,2361,2277,619,659,
rs1285293,2261,2317,2226,2187,513,496,
rs4890037,3332,3374,1505,1471,163,155,
rs2847155,2857,2894,1873,1795,270,311,
rs16951554,3174,3137,1623,1642,203,221,
rs9950611,5000,5000,0,0,0,0,
rs6506219,2342,2432,2145,2091,513,477,
rs948430,1823,1845,2399,2388,778,767,
rs601304,1992,1955,2323,2373,685,672,
rs7235316,2802,2854,1858,1815,340,331,
rs476268,4314,4294,662,686,24,20,
rs11875152,1593,1605,2503,2488,904,907,
rs9956665,5000,5000,0,0,0,0,
rs10502368,4928,4920,72,80,0,0,
rs484913,1417,1384,2484,2538,1099,1078,
rs470450,2312,2292,2213,2206,475,502,
rs12958901,4321,4361,655,614,24,25,
rs4797397,3199,3182,1587,1606,214,212,
rs4519391,2130,2127,2295,2273,575,600,
rs11873522,5000,5000,0,0,0,0,
rs12968949,2707,2745,1945,1938,348,317,
rs4520926,3867,3873,1054,1065,79,62,
rs9807593,2026,2025,2302,2312,672,663,
rs12457139,3980,3920,941,997,79,83,
rs8096377,2378,2333,2097,2197,525,470,
rs8084223,5000,5000,0,0,0,0,
rs1078595,1356,1323,2482,2496,1162,1181,
rs2469423,1766,1793,2457,2402,777,805,
rs232319,1380,1447,2552,2494,1068,1059,
rs9949654,3020,3027,1728,1715,252,258,
rs4145170,2771,2784,1911,1896,318,320,
rs7236099,1772,1730,2352,2459,876,811,
rs276912,1662,1676,2406,2415,932,909,
rs1791187,5000,5000,0,0,0,0,
rs16963827,5000,5000,0,0,0,0,
rs9635921,1881,1845,2378,2415,741,740,
rs2000944,3913,3974,1023,958,64,68,
rs541157,3410,3394,1442,1459,148,147,
rs906835,2098,2099,2278,2240,624,661,
rs950777,1778,1724,2363,2467,859,809,
rs9304167,2672,2672,1966,1974,362,354,
rs879931,3914,3841,1002,1084,84,75,
rs6507209,5000,5000,0,0,0,0,
rs16972876,4186,4180,771,792,43,28,
rs9958515,3394,3278,1448,1556,158,166,
rs324324,4038,4005,910,934,52,61,
rs2612339,1985,2014,2335,2300,680,686,
rs1318792,2274,2293,2230,2177,496,530,
rs11874234,5000,5000,0,0,0,0,
rs8093416,2353,2437,2141,2087,506,476,
rs9966639,2949,2977,1768,1744,283,279,
rs1435188,2467,2531,2112,2081,421,388,
rs2246665,3849,3879,1085,1053,66,68,
rs11660138,4288,4258,685,719,27,23,
rs4890292,4287,4244,683,725,30,31,
rs11875115,3342,3321,1474,1512,184,167,
rs10502877,3502,3588,1374,1285,124,127,
rs9947951,3601,3595,1287,1306,112,99,
rs10163901,3414,3460,1430,1407,156,133,
rs12606097,1617,1655,2453,2436,930,909,
rs16949011,4922,4915,76,85,2,0,
rs4147513,3209,3151,1629,1646,162,203,
rs16949519,4356,4380,633,595,11,25,
rs4939827,1281,1278,2498,2548,1221,1174,
rs1943000,3339,3308,1483,1526,178,166,
rs2847538,5000,5000,0,0,0,0,
rs16952798,5000,5000,0,0,0,0,
rs17751422,4775,4763,221,233,4,4,
rs1221868,2680,2736,1962,1934,358,330,
rs898756,2008,1995,2303,2339,689,666,
rs11872885,4449,4420,536,570,15,10,
rs655980,1448,1386,2442,2583,1110,1031,
rs948657,5000,5000,0,0,0,0,
rs17064338,4080,4117,869,844,51,39,
rs3862706,4065,3974,896,960,39,66,
rs6567157,2051,2063,2308,2270,641,667,
rs9636099,2896,2892,1832,1812,272,296,
rs12966869,5000,5000,0,0,0,0,
rs9948252,3920,3822,1018,1110,62,68,
rs17766247,4020,3968,934,978,46,54,
rs12961892,1547,1530,2469,2423,984,1047,
rs479047,5000,5000,0,0,0,0,
rs8083682,1318,1270,2497,2545,1185,1185,
rs10513972,3420,3389,1447,1451,133,160,
rs17084071,3261,3290,1577,1543,162,167,
rs8090316,2672,2690,1963,1942,365,368,
rs12970914,4342,4345,633,642,25,13,
rs9965938,4133,4117,830,843,37,40,
rs17775802,1442,1460,2522,2483,1036,1057,
rs8085262,2815,2802,1879,1865,306,333,
rs2404481,2815,2802,1879,1865,306,333,
rs9963198,5000,5000,0,0,0,0,
rs6566069,2480,2452,2055,2093,465,455,
rs2222,1350,1368,2533,2520,1117,1112,
rs4890893,3862,3874,1070,1067,68,59,
rs9952646,3479,3438,1389,1428,132,134,
rs4799014,3254,3282,1574,1530,172,188,
rs10405308,4582,4584,410,407,8,9,
rs3810421,2030,2046,2317,2314,653,640,
rs7255802,2035,2137,2354,2220,611,643,
rs274793,2598,2595,2028,2010,374,395,
rs11670606,2732,2817,1947,1868,321,315,
rs10411815,4179,4094,784,856,37,50,
rs386574,2531,2576,2053,2038,416,386,
rs6603109,5000,5000,0,0,0,0,
rs7408960,5000,5000,0,0,0,0,
rs8107410,5000,5000,0,0,0,0,
rs2431820,4242,4249,726,732,32,19,
rs346152,1688,1697,2464,2435,848,868,
rs416162,4829,4828,168,171,3,1,
rs10421422,2146,2108,2233,2297,621,595,
rs7254909,3117,3133,1665,1642,218,225,
rs11670742,4201,4207,761,764,38,29,
rs12973285,1594,1476,2427,2513,979,1011,
rs17641704,3596,3613,1274,1261,130,126,
rs2250918,5000,5000,0,0,0,0,
rs4450527,1539,1552,2428,2428,1033,1020,
rs271828,1462,1495,2463,2445,1075,1060,
rs2023878,3191,3208,1616,1614,193,178,
rs2228603,4323,4292,653,693,24,15,
rs963380,3550,3540,1329,1357,121,103,
rs17445374,3014,3023,1724,1751,262,226,
rs3817397,2087,2050,2272,2274,641,676,
rs939301,2893,2942,1827,1791,280,267,
rs1230300,1873,1893,2399,2297,728,810,
rs289332,2224,2243,2205,2215,571,542,
rs8112707,5000,5000,0,0,0,0,
rs17770006,1867,1934,2403,2335,730,731,
rs17771032,2697,2761,1959,1865,344,374,
rs1840820,2376,2342,2122,2180,502,478,
rs8101355,5000,5000,0,0,0,0,
rs169340,3947,3970,1005,980,48,50,
rs12461296,3319,3297,1507,1508,174,195,
rs10402145,2029,2012,2265,2318,706,670,
rs583121,2149,2181,2259,2244,592,575,
rs899197,2027,2054,2344,2293,629,653,
rs11879622,2038,2018,2278,2309,684,673,
rs1673000,4010,3927,935,1030,55,43,
rs10407971,4602,4612,391,380,7,8,
rs10469279,2127,2149,2277,2212,596,639,
rs8105266,4339,4353,643,627,18,20,
rs8106839,3476,3510,1403,1351,121,139,
rs16973455,5000,5000,0,0,0,0,
rs892118,3616,3579,1291,1287,93,134,
rs4802111,1832,1914,2379,2351,789,735,
rs1029804,3033,2987,1723,1758,244,255,
rs2199829,1747,1722,2401,2396,852,882,
rs11878555,4588,4586,403,406,9,8,
rs12978402,5000,5000,0,0,0,0,
rs2303652,4113,4109,837,852,50,39,
rs346049,3794,3786,1115,1137,91,77,
rs4803659,1515,1441,2476,2552,1009,1007,
rs6509137,3694,3708,1213,1194,93,98,
rs10421830,3943,3994,992,952,65,54,
rs1871045,2002,1916,2298,2356,700,728,
rs1114831,4348,4331,626,645,26,24,
rs1618536,1286,1269,2451,2495,1263,1236,
rs7255414,1887,1819,2378,2495,735,686,
rs877589,2365,2393,2164,2109,471,498,
rs160544,3881,3900,1050,1038,69,62,
rs2694555,4338,4330,637,646,25,24,
rs3848535,2354,2394,2157,2095,489,511,
rs11666244,1992,1949,2309,2353,699,698,
rs6509400,3533,3522,1337,1357,130,121,
rs8103217,1555,1555,2511,2497,934,948,
rs4802692,3183,3246,1619,1567,198,187,
rs10422130,3362,3330,1465,1518,173,152,
rs2664149,5000,5000,0,0,0,0,
rs8102592,5000,5000,0,0,0,0,
rs10422101,2948,2921,1771,1793,281,286,
rs4801912,2358,2319,2155,2196,487,485,
rs329747,1659,1704,2425,2325,916,971,
rs2617729,3483,3454,1361,1398,156,148,
rs8111942,3727,3714,1176,1198,97,88,
rs758756,2404,2421,2124,2079,472,500,
rs11881055,2993,2935,1750,1789,257,276,
rs6117977,3315,3244,1504,1582,181,174,
rs6047357,2338,2345,2186,2142,476,513,
rs2422739,2981,2980,1745,1730,274,290,
rs6084327,3141,3163,1632,1622,227,215,
rs159763,1708,1564,2420,2493,872,943,
rs2423086,3333,3294,1512,1540,155,166,
rs7273837,1270,1205,2472,2549,1258,1246,
rs6076834,2979,2946,1743,1780,278,274,
rs6053640,1561,1547,2497,2457,942,996,
rs4815853,1318,1388,2528,2458,1154,1154,
rs11087700,3886,3833,1049,1095,65,72,
rs6140393,1929,1925,2339,2359,732,716,
rs2179984,2482,2471,2109,2094,409,435,
rs2235212,3330,3353,1469,1474,201,173,
rs652325,2914,2891,1806,1812,280,297,
rs1107551,3286,3253,1543,1543,171,204,
rs2244895,1548,1506,2452,2499,1000,995,
rs6134440,2178,2177,2217,2239,605,584,
rs2024782,3304,3350,1536,1514,160,136,
rs1155536,3648,3601,1255,1277,97,122,
rs6041515,3216,3275,1590,1544,194,181,
rs743092,1778,1837,2397,2372,825,791,
rs743216,3576,3502,1311,1391,113,107,
rs6074763,2348,2352,2196,2161,456,487,
rs1932951,2619,2601,2012,2015,369,384,
rs16994856,3731,3751,1190,1175,79,74,
rs16995133,3795,3711,1123,1186,82,103,
rs6034891,2998,3009,1759,1738,243,253,
rs910897,2028,2002,2247,2346,725,652,
rs6035048,1634,1658,2417,2403,949,939,
rs6035255,4542,4492,447,491,11,17,
rs6046315,5000,5000,0,0,0,0,
rs6047171,1586,1604,2476,2505,938,891,
rs6082304,1387,1383,2477,2463,1136,1154,
rs199802,5000,5000,0,0,0,0,
rs11087386,5000,5000,0,0,0,0,
rs6114167,4657,4695,338,299,5,6,
rs2092469,4341,4318,627,654,32,28,
rs4815293,1769,1756,2421,2421,810,823,
rs227635,3638,3640,1252,1266,110,94,
rs12329446,3604,3645,1300,1244,96,111,
rs928121,1607,1577,2450,2513,943,910,
rs1737896,1319,1336,2545,2510,1136,1154,
rs6141354,2322,2413,2209,2133,469,454,
rs6088594,3564,3562,1323,1281,113,157,
rs6022716,1283,1266,2464,2425,1253,1309,
rs6101560,5000,5000,0,0,0,0,
rs2207799,4525,4471,461,518,14,11,
rs12625145,2049,2046,2260,2290,691,664,
rs2049916,4614,4608,378,382,8,10,
rs6065406,3606,3611,1281,1273,113,116,
rs8120379,2517,2581,2074,2003,409,416,
rs985757,5000,5000,0,0,0,0,
rs16986834,4350,4376,626,613,24,11,
rs6130133,2755,2699,1931,1966,314,335,
rs761011,4361,4317,614,660,25,23,
rs947202,4584,4611,406,379,10,10,
rs6031251,4833,4841,164,158,3,1,
rs6093902,4286,4291,689,689,25,20,
rs1885088,3236,3279,1578,1548,186,173,
rs1124335,2723,2665,1926,1939,351,396,
rs457918,3382,3434,1479,1420,139,146,
rs2230781,5000,5000,0,0,0,0,
rs11907057,2566,2566,2029,1972,405,462,
rs16993634,5000,5000,0,0,0,0,
rs6019191,1425,1435,2449,2459,1126,1106,
rs723291,3490,3499,1368,1367,142,134,
rs1567865,2405,2416,2156,2114,439,470,
rs6095518,4911,4909,89,90,0,1,
rs8118160,1431,1507,2533,2489,1036,1004,
rs2073053,3705,3830,1201,1088,94,82,
rs734589,1584,1565,2452,2504,964,931,
rs4809823,4205,4193,747,776,48,31,
rs6020956,1784,1793,2415,2399,801,808,
rs4809831,2606,2651,2033,1983,361,366,
rs2017911,3744,3815,1163,1094,93,91,
rs17000741,5000,5000,0,0,0,0,
rs11697721,4726,4752,270,245,4,3,
rs6015200,1350,1333,2489,2508,1161,1159,
rs503900,2073,2046,2329,2289,598,665,
rs529525,1748,1811,2422,2382,830,807,
rs6100022,4370,4341,604,629,26,30,
rs6015260,1872,1811,2333,2407,795,782,
rs6015703,3407,3397,1441,1447,152,156,
rs8114770,4741,4732,258,265,1,3,
rs6089726,1454,1463,2452,2464,1094,1073,
rs6062957,1323,1375,2542,2482,1135,1143,
rs2427565,3815,3764,1107,1147,78,89,
rs2273443,3294,3321,1560,1490,146,189,
rs9808640,4915,4912,85,88,0,0,
rs12626831,3464,3451,1390,1407,146,142,
rs6517490,3528,3484,1343,1388,129,128,
rs1022457,3940,3950,1001,997,59,53,
rs9984291,5000,5000,0,0,0,0,
rs8126909,1999,2029,2370,2261,631,710,
rs8130544,2254,2350,2223,2124,523,526,
rs7279040,2956,2972,1807,1772,237,256,
rs2824527,5000,5000,0,0,0,0,
rs1624371,3545,3566,1329,1316,126,118,
rs2824898,2454,2512,2081,2066,465,422,
rs9976387,5000,5000,0,0,0,0,
rs9305925,1255,1290,2575,2489,1170,1221,
rs1475873,1331,1313,2410,2504,1259,1183,
rs971514,3518,3563,1357,1314,125,123,
rs6518005,4273,4260,694,710,33,30,
rs17794576,4263,4323,708,642,29,35,
rs2827373,1351,1390,2562,2486,1087,1124,
rs2155605,1699,1713,2445,2462,856,825,
rs10482931,4320,4357,656,618,24,25,
rs7281302,2510,2563,2052,2011,438,426,
rs2827868,3078,3035,1673,1713,249,252,
rs2828592,5000,5000,0,0,0,0,
rs11702517,4577,4573,416,420,7,7,
rs7277220,4488,4470,495,524,17,6,
rs2830400,3036,2937,1699,1793,265,270,
rs2830463,3778,3724,1130,1194,92,82,
rs2830636,2374,2311,2127,2159,499,530,
rs1676553,2374,2317,2096,2198,530,485,
rs10482992,4125,4130,826,837,49,33,
rs2178939,4147,4170,802,801,51,29,
rs2142206,4136,4151,818,808,46,41,
rs873651,1717,1691,2384,2460,899,849,
rs2832329,3883,3908,1038,1030,79,62,
rs9305434,1712,1742,2429,2394,859,864,
rs7282999,5000,5000,0,0,0,0,
rs1573462,3557,3494,1334,1375,109,131,
rs9305519,1704,1706,2449,2404,847,890,
rs11701032,2927,2958,1800,1756,273,286,
rs16990850,5000,5000,0,0,0,0,
rs2284565,3949,3944,992,994,59,62,
rs11700925,3101,3028,1662,1729,237,243,
rs2834928,2726,2760,1927,1916,347,324,
rs2834948,2282,2329,2217,2195,501,476,
rs440544,2054,2085,2329,2271,617,644,
rs2835007,3395,3420,1438,1430,167,150,
rs726271,1259,1280,2516,2526,1225,1194,
rs2835443,3962,3881,972,1054,66,65,
rs7278981,5000,5000,0,0,0,0,
rs9305615,2474,2338,2060,2210,466,452,
rs974975,2050,2075,2312,2302,638,623,
rs9647177,3303,3320,1518,1515,179,165,
rs16996044,5000,5000,0,0,0,0,
rs17193649,4248,4260,725,715,27,25,
rs732340,4909,4920,90,79,1,1,
rs11911277,3371,3393,1455,1457,174,150,
rs428424,1689,1717,2447,2447,864,836,
rs1984748,4221,4185,740,782,39,33,
rs1735137,4223,4188,747,764,30,48,
rs12482021,4833,4830,166,170,1,0,
rs13050861,2668,2699,1959,1956,373,345,
rs11701851,2476,2456,2068,2125,456,419,
rs8129249,2664,2632,1959,1969,377,399,
rs3850709,3373,3352,1463,1480,164,168,
rs6586238,3505,3421,1369,1448,126,131,
rs7277014,5000,5000,0,0,0,0,
rs11203184,2920,2959,1827,1757,253,284,
rs220178,2276,2355,2191,2130,533,515,
rs492338,1288,1309,2482,2507,1230,1184,
rs7277934,3537,3544,1338,1339,125,117,
rs9978825,2007,2023,2339,2311,654,666,
rs162357,2495,2401,2058,2151,447,448,
rs2838390,4554,4588,429,406,17,6,
rs2838544,2930,2955,1791,1777,279,268,
rs235259,2318,2282,2163,2236,519,482,
rs366235,5000,5000,0,0,0,0,
rs2183596,3447,3464,1419,1398,134,138,
rs12482094,3530,3536,1334,1334,136,130,
rs12483676,3262,3281,1543,1532,195,187,
rs9982817,4091,4126,858,834,51,40,
rs1123031,4724,4760,273,237,3,3,
rs361594,2542,2503,2068,2095,390,402,
rs2238732,4284,4257,695,720,21,23,
rs2871006,2122,2208,2291,2206,587,586,
rs5746847,1586,1635,2518,2481,896,884,
rs9612496,1783,1836,2447,2377,770,787,
rs3752497,4362,4377,610,599,28,24,
rs8135672,5000,5000,0,0,0,0,
rs6519622,5000,5000,0,0,0,0,
rs5761170,4825,4810,175,190,0,0,
rs1006210,4372,4376,608,603,20,21,
rs16981234,4515,4517,474,464,11,19,
rs8138745,4737,4763,259,231,4,6,
rs592861,2710,2803,1958,1887,332,310,
rs731276,1435,1454,2576,2509,989,1037,
rs134147,4207,4214,762,749,31,37,
rs9613209,1659,1641,2469,2434,872,925,
rs2051623,1877,1889,2356,2322,767,789,
rs9608521,2144,2140,2228,2262,628,598,
rs4822811,2358,2349,2149,2170,493,481,
rs760526,3851,3824,1049,1105,100,71,
rs9613359,3879,3875,1058,1058,63,67,
rs13055147,3377,3325,1445,1486,178,189,
rs16984654,2596,2524,2019,2068,385,408,
rs820,2982,2929,1776,1808,242,263,
rs134117,1416,1454,2463,2465,1121,1081,
rs2073784,3774,3768,1131,1135,95,97,
rs738722,2000,1978,2325,2371,675,651,
rs9613782,1582,1575,2500,2469,918,956,
rs4823006,1420,1367,2456,2533,1124,1100,
rs11090561,4912,4916,88,83,0,1,
rs2857645,1636,1583,2416,2422,948,995,
rs6006315,5000,5000,0,0,0,0,
rs929454,2715,2761,1947,1884,338,355,
rs4820018,3807,3819,1119,1100,74,81,
rs16989459,4218,4241,755,721,27,38,
rs695455,3629,3674,1273,1221,98,105,
rs10483159,5000,5000,0,0,0,0,
rs16990421,5000,5000,0,0,0,0,
rs1962222,2362,2325,2137,2180,501,495,
rs4821182,1730,1754,2426,2385,844,861,
rs5749679,3153,3171,1644,1624,203,205,
rs5754734,1932,1926,2373,2395,695,679,
rs135524,2438,2337,2099,2158,463,505,
rs5750057,4844,4824,152,174,4,2,
rs6000008,5000,5000,0,0,0,0,
rs6000244,5000,5000,0,0,0,0,
rs9622397,4833,4839,166,160,1,1,
rs2049974,2517,2524,2055,2081,428,395,
rs10211998,3645,3676,1246,1227,109,97,
rs11704001,2974,3009,1786,1717,240,274,
rs12167061,4425,4442,552,537,23,21,
rs2269608,3050,3032,1724,1745,226,223,
rs10084634,1687,1662,2439,2457,874,881,
rs742502,1664,1652,2429,2477,907,871,
rs879180,3082,3079,1692,1688,226,233,
rs2958649,4151,4159,800,807,49,34,
rs8139993,3309,3386,1522,1476,169,138,
rs4822075,4049,4025,897,919,54,56,
rs4822231,1537,1508,2454,2517,1009,975,
rs738378,1353,1348,2474,2525,1173,1127,
rs138957,2095,2078,2329,2291,576,631,
rs2071883,4181,4219,780,741,39,40,
rs86790,3514,3568,1352,1295,134,137,
rs2401520,2776,2753,1892,1880,332,367,
rs2272940,3450,3458,1403,1397,147,145,
rs9614385,3873,3902,1059,1030,68,68,
rs2016013,1468,1477,2443,2430,1089,1093,
rs5765421,2974,3040,1795,1694,231,266,
rs2051616,1591,1625,2523,2443,886,932,
rs8138025,1774,1749,2380,2390,846,861,
rs17564885,3818,3836,1093,1075,89,89,
rs138153,2597,2660,2022,1968,381,372,
rs9626891,3237,3309,1556,1490,207,201,
rs4823838,1829,1809,2375,2427,796,764,
rs131900,2411,2418,2144,2095,445,487,
rs13054679,3508,3520,1358,1350,134,130,
rs2144786,3502,3433,1376,1419,122,148,
rs6008536,5000,5000,0,0,0,0,
rs5768372,1373,1351,2492,2506,1135,1143,
rs4823760,4118,4237,843,721,39,42,
rs130804,3007,3096,1758,1703,235,201,
rs16999084,4926,4931,73,69,1,0,
rs7287925,5000,5000,0,0,0,0,
rs5771828,4378,4314,599,668,23,18,
rs9616264,3466,3496,1402,1377,132,127,
rs860236,3964,3994,977,946,59,60,
rs137864,1604,1730,2455,2388,941,882,
rs9616997,2320,2294,2170,2190,510,516,
