TimeElapsed, Max, Min, Mean, Std, Number of items., Selected: 3586856.65443,Top
129,5253346.80586,48.5134455722,145107.59375,4608.5431846,3676,1[5314-2][9179-2][10981-2][14825-2][19056-2];3586856.65443,[5314-2][9179-2][10981-2][19056-2];5253346.80586,[5314-2][9179-2][10981-2][14825-2];5239708.89776,[5314-2][9179-2][10981-2][16512-2];2079525.38236
258,5253346.80586,48.5134455722,689744.0625,12713.2303878,2825,1[5314-2][9179-2][10981-2][14825-2][19056-2];3586856.65443,[5314-2][9179-2][10981-2][19056-2];5253346.80586,[5314-2][9179-2][10981-2][14825-2];5239708.89776,[5314-2][9179-2][14825-2][19056-2];5059102.49369
390,5253346.80586,48.5134455722,1524218.5,21021.6547743,1748,1[5314-2][9179-2][10981-2][14825-2][19056-2];3586856.65443,[5314-2][9179-2][10981-2][19056-2];5253346.80586,[5314-2][9179-2][10981-2][14825-2];5239708.89776,[5314-2][9179-2][14825-2][19056-2];5059102.49369
522,5253346.80586,622.625999611,2429234.5,27686.3542418,1246,1[5314-2][9179-2][10981-2][14825-2][19056-2];3586856.65443,[5314-2][9179-2][10981-2][19056-2];5253346.80586,[5314-2][9179-2][10981-2][14825-2];5239708.89776,[5314-2][9179-2][14825-2][19056-2];5059102.49369
653,5253346.80586,13262.3548647,3288529,29266.7789404,949,1[5314-2][9179-2][10981-2][14825-2][19056-2];3586856.65443,[5314-2][9179-2][10981-2][19056-2];5253346.80586,[5314-2][9179-2][10981-2][14825-2];5239708.89776,[5314-2][9179-2][14825-2][19056-2];5059102.49369
788,5253346.80586,13190.1027069,3759883,28475.2600084,860,1[5314-2][9179-2][10981-2][14825-2][19056-2];3586856.65443,[5314-2][9179-2][10981-2][19056-2];5253346.80586,[5314-2][9179-2][10981-2][14825-2];5239708.89776,[5314-2][9179-2][14825-2][19056-2];5059102.49369
1005,5253346.80586,31.5189765954,2523075.5,36627.4508936,2648,1[5314-2][9179-2][10981-2][14825-2][19056-2];3586856.65443,[5314-2][9179-2][10981-2][19056-2];5253346.80586,[5314-2][9179-2][10981-2][14825-2];5239708.89776,[5314-2][9179-2][14825-2][19056-2];5059102.49369
1141,5253346.80586,8849.3109077,4300561.5,25234.4677444,590,1[5314-2][9179-2][10981-2][14825-2][19056-2];3586856.65443,[5314-2][9179-2][10981-2][19056-2];5253346.80586,[5314-2][9179-2][10981-2][14825-2];5239708.89776,[5314-2][9179-2][14825-2][19056-2];5059102.49369
1279,5253346.80586,8755.33546293,4200637.5,26241.0923331,643,1[5314-2][9179-2][10981-2][14825-2][19056-2];3586856.65443,[5314-2][9179-2][10981-2][19056-2];5253346.80586,[5314-2][9179-2][10981-2][14825-2];5239708.89776,[5314-2][9179-2][14825-2][19056-2];5059102.49369
1412,5253346.80586,156.684910909,4139674.75,26621.1396021,633,1[5314-2][9179-2][10981-2][14825-2][19056-2];3586856.65443,[5314-2][9179-2][10981-2][19056-2];5253346.80586,[5314-2][9179-2][10981-2][14825-2];5239708.89776,[5314-2][9179-2][14825-2][19056-2];5059102.49369
1549,5253346.80586,8783.2268589,4086073.25,27046.8355462,658,1[5314-2][9179-2][10981-2][14825-2][19056-2];3586856.65443,[5314-2][9179-2][10981-2][19056-2];5253346.80586,[5314-2][9179-2][10981-2][14825-2];5239708.89776,[5314-2][9179-2][14825-2][19056-2];5059102.49369
1684,5253346.80586,13266.893238,4110101.75,26826.0482176,671,1[5314-2][9179-2][10981-2][14825-2][19056-2];3586856.65443,[5314-2][9179-2][10981-2][19056-2];5253346.80586,[5314-2][9179-2][10981-2][14825-2];5239708.89776,[5314-2][9179-2][14825-2][19056-2];5059102.49369
1906,5253346.80586,43.2999533202,2523098.75,36627.3511128,2649,1[5314-2][9179-2][10981-2][14825-2][19056-2];3586856.65443,[5314-2][9179-2][10981-2][19056-2];5253346.80586,[5314-2][9179-2][10981-2][14825-2];5239708.89776,[5314-2][9179-2][14825-2][19056-2];5059102.49369
2048,5253346.80586,43.2999533202,4306486.5,25237.4463586,606,1[5314-2][9179-2][10981-2][14825-2][19056-2];3586856.65443,[5314-2][9179-2][10981-2][19056-2];5253346.80586,[5314-2][9179-2][10981-2][14825-2];5239708.89776,[5314-2][9179-2][14825-2][19056-2];5059102.49369
2189,5253346.80586,43.2999533202,4145037.75,26685.001751,662,1[5314-2][9179-2][10981-2][14825-2][19056-2];3586856.65443,[5314-2][9179-2][10981-2][19056-2];5253346.80586,[5314-2][9179-2][10981-2][14825-2];5239708.89776,[5314-2][9179-2][14825-2][19056-2];5059102.49369
2330,5253346.80586,43.2999533202,4116050,26857.3296002,664,1[5314-2][9179-2][10981-2][14825-2][19056-2];3586856.65443,[5314-2][9179-2][10981-2][19056-2];5253346.80586,[5314-2][9179-2][10981-2][14825-2];5239708.89776,[5314-2][9179-2][14825-2][19056-2];5059102.49369
2471,5253346.80586,8856.7697162,4092074.75,27097.9391438,675,1[5314-2][9179-2][10981-2][14825-2][19056-2];3586856.65443,[5314-2][9179-2][10981-2][19056-2];5253346.80586,[5314-2][9179-2][10981-2][14825-2];5239708.89776,[5314-2][9179-2][14825-2][19056-2];5059102.49369
2609,5253346.80586,8702.84901034,4138206.5,26756.1155937,681,1[5314-2][9179-2][10981-2][14825-2][19056-2];3586856.65443,[5314-2][9179-2][10981-2][19056-2];5253346.80586,[5314-2][9179-2][10981-2][14825-2];5239708.89776,[5314-2][9179-2][14825-2][19056-2];5059102.49369
2835,5253346.80586,57.7531302067,2523082,36627.430723,2648,1[5314-2][9179-2][10981-2][14825-2][19056-2];3586856.65443,[5314-2][9179-2][10981-2][19056-2];5253346.80586,[5314-2][9179-2][10981-2][14825-2];5239708.89776,[5314-2][9179-2][14825-2][19056-2];5059102.49369
2971,5253346.80586,8825.73748127,4292112.5,25383.4091164,594,1[5314-2][9179-2][10981-2][14825-2][19056-2];3586856.65443,[5314-2][9179-2][10981-2][19056-2];5253346.80586,[5314-2][9179-2][10981-2][14825-2];5239708.89776,[5314-2][9179-2][14825-2][19056-2];5059102.49369
3110,5253346.80586,8748.18829877,4157491.5,26566.1830154,660,1[5314-2][9179-2][10981-2][14825-2][19056-2];3586856.65443,[5314-2][9179-2][10981-2][19056-2];5253346.80586,[5314-2][9179-2][10981-2][14825-2];5239708.89776,[5314-2][9179-2][14825-2][19056-2];5059102.49369
119,1756389.34672,43.9121941024,98990.1953125,2080.97734878,3499,-1[5314-2][9179-2][10981-2][14825-2][19056-2];3586856.65443,[5314-2][9179-2][10884-2][10981-2];1756389.34672,[5314-2][9179-2][10981-2][19394-2];1645524.30554,[5314-2][9179-2][10981-2][14472-2];1496780.69049
240,5239708.89776,43.9121941024,285260.4375,5361.55439456,3469,0[5314-2][9179-2][10981-2][14825-2][19056-2];3586856.65443,[5314-2][9179-2][10981-2][14825-2];5239708.89776,[5314-2][9179-2][14825-2][19056-2];5059102.49369,[9179-2][10981-2][14823-2][19056-2];3105669.56849
361,5253346.80586,43.9121941024,681350.9375,12573.9942431,3035,1[5314-2][9179-2][10981-2][14825-2][19056-2];3586856.65443,[5314-2][9179-2][10981-2][19056-2];5253346.80586,[5314-2][9179-2][10981-2][14825-2];5239708.89776,[5314-2][9179-2][14825-2][19056-2];5059102.49369
481,5253346.80586,84.4259152906,1504564.875,22904.8356685,2184,1[5314-2][9179-2][10981-2][14825-2][19056-2];3586856.65443,[5314-2][9179-2][10981-2][19056-2];5253346.80586,[5314-2][9179-2][10981-2][14825-2];5239708.89776,[5314-2][9179-2][14825-2][19056-2];5059102.49369
606,5253346.80586,65.3371817213,2541321.75,29221.9978927,1510,1[5314-2][9179-2][10981-2][14825-2][19056-2];3586856.65443,[5314-2][9179-2][10981-2][19056-2];5253346.80586,[5314-2][9179-2][10981-2][14825-2];5239708.89776,[5314-2][9179-2][14825-2][19056-2];5059102.49369
731,5253346.80586,284.26568075,3349381.5,29569.403831,1116,1[5314-2][9179-2][10981-2][14825-2][19056-2];3586856.65443,[5314-2][9179-2][10981-2][19056-2];5253346.80586,[5314-2][9179-2][10981-2][14825-2];5239708.89776,[5314-2][9179-2][14825-2][19056-2];5059102.49369
854,5253346.80586,284.26568075,3757428,28396.2928557,969,1[5314-2][9179-2][10981-2][14825-2][19056-2];3586856.65443,[5314-2][9179-2][10981-2][19056-2];5253346.80586,[5314-2][9179-2][10981-2][14825-2];5239708.89776,[5314-2][9179-2][14825-2][19056-2];5059102.49369
980,5253346.80586,9945.68863157,3984060,27159.4183669,879,1[5314-2][9179-2][10981-2][14825-2][19056-2];3586856.65443,[5314-2][9179-2][10981-2][19056-2];5253346.80586,[5314-2][9179-2][10981-2][14825-2];5239708.89776,[5314-2][9179-2][14825-2][19056-2];5059102.49369
1186,5253346.80586,65.4033748216,2520313.5,36583.6803469,2649,1[5314-2][9179-2][10981-2][14825-2][19056-2];3586856.65443,[5314-2][9179-2][10981-2][19056-2];5253346.80586,[5314-2][9179-2][10981-2][14825-2];5239708.89776,[5314-2][9179-2][14825-2][19056-2];5059102.49369
1312,5253346.80586,13217.1075506,4262098.5,25545.2972557,719,1[5314-2][9179-2][10981-2][14825-2][19056-2];3586856.65443,[5314-2][9179-2][10981-2][19056-2];5253346.80586,[5314-2][9179-2][10981-2][14825-2];5239708.89776,[5314-2][9179-2][14825-2][19056-2];5059102.49369
1435,5253346.80586,9912.24100311,4155304,26367.9473733,768,1[5314-2][9179-2][10981-2][14825-2][19056-2];3586856.65443,[5314-2][9179-2][10981-2][19056-2];5253346.80586,[5314-2][9179-2][10981-2][14825-2];5239708.89776,[5314-2][9179-2][14825-2][19056-2];5059102.49369
1561,5253346.80586,8721.4761387,4093673.5,26877.3899601,804,1[5314-2][9179-2][10981-2][14825-2][19056-2];3586856.65443,[5314-2][9179-2][10981-2][19056-2];5253346.80586,[5314-2][9179-2][10981-2][14825-2];5239708.89776,[5314-2][9179-2][14825-2][19056-2];5059102.49369
1684,5253346.80586,9907.84216154,4074235.5,26973.166973,820,1[5314-2][9179-2][10981-2][14825-2][19056-2];3586856.65443,[5314-2][9179-2][10981-2][19056-2];5253346.80586,[5314-2][9179-2][10981-2][14825-2];5239708.89776,[5314-2][9179-2][14825-2][19056-2];5059102.49369
1810,5253346.80586,13959.2602689,4126364,26457.3434165,790,1[5314-2][9179-2][10981-2][14825-2][19056-2];3586856.65443,[5314-2][9179-2][10981-2][19056-2];5253346.80586,[5314-2][9179-2][10981-2][14825-2];5239708.89776,[5314-2][9179-2][14825-2][19056-2];5059102.49369
2016,5253346.80586,67.5542953796,2521600.5,36598.767345,2649,1[5314-2][9179-2][10981-2][14825-2][19056-2];3586856.65443,[5314-2][9179-2][10981-2][19056-2];5253346.80586,[5314-2][9179-2][10981-2][14825-2];5239708.89776,[5314-2][9179-2][14825-2][19056-2];5059102.49369
2143,5253346.80586,588.268344848,4345428.5,24756.5109113,668,1[5314-2][9179-2][10981-2][14825-2][19056-2];3586856.65443,[5314-2][9179-2][10981-2][19056-2];5253346.80586,[5314-2][9179-2][10981-2][14825-2];5239708.89776,[5314-2][9179-2][14825-2][19056-2];5059102.49369
2268,5253346.80586,588.268344848,4203344.5,25982.4459599,728,1[5314-2][9179-2][10981-2][14825-2][19056-2];3586856.65443,[5314-2][9179-2][10981-2][19056-2];5253346.80586,[5314-2][9179-2][10981-2][14825-2];5239708.89776,[5314-2][9179-2][14825-2][19056-2];5059102.49369
2392,5253346.80586,588.268344848,4170150,26364.5527005,755,1[5314-2][9179-2][10981-2][14825-2][19056-2];3586856.65443,[5314-2][9179-2][10981-2][19056-2];5253346.80586,[5314-2][9179-2][10981-2][14825-2];5239708.89776,[5314-2][9179-2][14825-2][19056-2];5059102.49369
2515,5253346.80586,38552.6720887,4130546.5,26651.7614224,771,1[5314-2][9179-2][10981-2][14825-2][19056-2];3586856.65443,[5314-2][9179-2][10981-2][19056-2];5253346.80586,[5314-2][9179-2][10981-2][14825-2];5239708.89776,[5314-2][9179-2][14825-2][19056-2];5059102.49369
2640,5253346.80586,9965.41466276,4150724.5,26524.4280827,710,1[5314-2][9179-2][10981-2][14825-2][19056-2];3586856.65443,[5314-2][9179-2][10981-2][19056-2];5253346.80586,[5314-2][9179-2][10981-2][14825-2];5239708.89776,[5314-2][9179-2][14825-2][19056-2];5059102.49369
120,1967880.5938,48.6933976763,115331.765625,2638.45131582,3588,-1[5314-2][9179-2][10981-2][14825-2][19056-2];3586856.65443,[5314-2][9179-2][10981-2][19054-2];1967880.5938,[5314-2][6123-2][9179-2][10981-2];1650592.23663,[9179-2][10981-2][12830-2][14825-2];1410650.26697
241,5253346.80586,48.6933976763,349977.96875,5825.63473756,3311,-1[5314-2][9179-2][10981-2][14825-2][19056-2];3586856.65443,[5314-2][9179-2][10981-2][19056-2];5253346.80586,[5314-2][9179-2][14825-2][19056-2];5059102.49369,[9179-2][10981-2][14825-2][19056-2];4867823.71006
364,5253346.80586,67.3109127063,704956.4375,11943.223182,2697,1[5314-2][9179-2][10981-2][14825-2][19056-2];3586856.65443,[5314-2][9179-2][10981-2][19056-2];5253346.80586,[5314-2][9179-2][10981-2][14825-2];5239708.89776,[5314-2][9179-2][14825-2][19056-2];5059102.49369
487,5253346.80586,128.584122809,1376828.875,21803.2210642,2110,1[5314-2][9179-2][10981-2][14825-2][19056-2];3586856.65443,[5314-2][9179-2][10981-2][19056-2];5253346.80586,[5314-2][9179-2][10981-2][14825-2];5239708.89776,[5314-2][9179-2][14825-2][19056-2];5059102.49369
612,5253346.80586,8860.63407356,2461725.25,28824.6036051,1455,1[5314-2][9179-2][10981-2][14825-2][19056-2];3586856.65443,[5314-2][9179-2][10981-2][19056-2];5253346.80586,[5314-2][9179-2][10981-2][14825-2];5239708.89776,[5314-2][9179-2][14825-2][19056-2];5059102.49369
740,5253346.80586,8794.94061342,3311944,29573.4029072,1149,1[5314-2][9179-2][10981-2][14825-2][19056-2];3586856.65443,[5314-2][9179-2][10981-2][19056-2];5253346.80586,[5314-2][9179-2][10981-2][14825-2];5239708.89776,[5314-2][9179-2][14825-2][19056-2];5059102.49369
869,5253346.80586,9901.60005392,3704110.25,28442.3075218,983,1[5314-2][9179-2][10981-2][14825-2][19056-2];3586856.65443,[5314-2][9179-2][10981-2][19056-2];5253346.80586,[5314-2][9179-2][10981-2][14825-2];5239708.89776,[5314-2][9179-2][14825-2][19056-2];5059102.49369
1073,5253346.80586,66.9649739733,2515714.75,36509.1074261,2649,1[5314-2][9179-2][10981-2][14825-2][19056-2];3586856.65443,[5314-2][9179-2][10981-2][19056-2];5253346.80586,[5314-2][9179-2][10981-2][14825-2];5239708.89776,[5314-2][9179-2][14825-2][19056-2];5059102.49369
1199,5253346.80586,8862.72440795,4262208.5,25506.8594079,698,1[5314-2][9179-2][10981-2][14825-2][19056-2];3586856.65443,[5314-2][9179-2][10981-2][19056-2];5253346.80586,[5314-2][9179-2][10981-2][14825-2];5239708.89776,[5314-2][9179-2][14825-2][19056-2];5059102.49369
1327,5253346.80586,161.268449149,4104086,26703.1335687,751,1[5314-2][9179-2][10981-2][14825-2][19056-2];3586856.65443,[5314-2][9179-2][10981-2][19056-2];5253346.80586,[5314-2][9179-2][10981-2][14825-2];5239708.89776,[5314-2][9179-2][14825-2][19056-2];5059102.49369
1451,5253346.80586,13419.2672526,4117613,26480.1215247,730,1[5314-2][9179-2][10981-2][14825-2][19056-2];3586856.65443,[5314-2][9179-2][10981-2][19056-2];5253346.80586,[5314-2][9179-2][10981-2][14825-2];5239708.89776,[5314-2][9179-2][14825-2][19056-2];5059102.49369
1576,5253346.80586,8924.38916069,4084866.25,26858.8154528,768,1[5314-2][9179-2][10981-2][14825-2][19056-2];3586856.65443,[5314-2][9179-2][10981-2][19056-2];5253346.80586,[5314-2][9179-2][10981-2][14825-2];5239708.89776,[5314-2][9179-2][14825-2][19056-2];5059102.49369
1699,5253346.80586,8766.93709992,4080038,26972.124568,775,1[5314-2][9179-2][10981-2][14825-2][19056-2];3586856.65443,[5314-2][9179-2][10981-2][19056-2];5253346.80586,[5314-2][9179-2][10981-2][14825-2];5239708.89776,[5314-2][9179-2][14825-2][19056-2];5059102.49369
1903,5253346.80586,61.6786030181,2523392.5,36624.4465484,2649,1[5314-2][9179-2][10981-2][14825-2][19056-2];3586856.65443,[5314-2][9179-2][10981-2][19056-2];5253346.80586,[5314-2][9179-2][10981-2][14825-2];5239708.89776,[5314-2][9179-2][14825-2][19056-2];5059102.49369
2031,5253346.80586,61.6786030181,4327249,25134.0861862,595,1[5314-2][9179-2][10981-2][14825-2][19056-2];3586856.65443,[5314-2][9179-2][10981-2][19056-2];5253346.80586,[5314-2][9179-2][10981-2][14825-2];5239708.89776,[5314-2][9179-2][14825-2][19056-2];5059102.49369
2159,5253346.80586,8750.64987967,4191911.5,26301.0057892,642,1[5314-2][9179-2][10981-2][14825-2][19056-2];3586856.65443,[5314-2][9179-2][10981-2][19056-2];5253346.80586,[5314-2][9179-2][10981-2][14825-2];5239708.89776,[5314-2][9179-2][14825-2][19056-2];5059102.49369
2286,5253346.80586,8750.64987967,4190826,26282.1081573,665,1[5314-2][9179-2][10981-2][14825-2][19056-2];3586856.65443,[5314-2][9179-2][10981-2][19056-2];5253346.80586,[5314-2][9179-2][10981-2][14825-2];5239708.89776,[5314-2][9179-2][14825-2][19056-2];5059102.49369
2414,5253346.80586,8749.90017964,4165279.75,26434.5400441,669,1[5314-2][9179-2][10981-2][14825-2][19056-2];3586856.65443,[5314-2][9179-2][10981-2][19056-2];5253346.80586,[5314-2][9179-2][10981-2][14825-2];5239708.89776,[5314-2][9179-2][14825-2][19056-2];5059102.49369
2544,5253346.80586,169.564851523,4144287.75,26511.8161264,665,1[5314-2][9179-2][10981-2][14825-2][19056-2];3586856.65443,[5314-2][9179-2][10981-2][19056-2];5253346.80586,[5314-2][9179-2][10981-2][14825-2];5239708.89776,[5314-2][9179-2][14825-2][19056-2];5059102.49369
2748,5253346.80586,60.5000607337,2523887.75,36618.8196432,2649,1[5314-2][9179-2][10981-2][14825-2][19056-2];3586856.65443,[5314-2][9179-2][10981-2][19056-2];5253346.80586,[5314-2][9179-2][10981-2][14825-2];5239708.89776,[5314-2][9179-2][14825-2][19056-2];5059102.49369
121,1875698.93667,53.6361680352,90497.2890625,1933.05225704,3665,-1[5314-2][9179-2][10981-2][14825-2][19056-2];3586856.65443,[3145-2][5314-2][9179-2][10981-2];1875698.93667,[5314-2][6476-2][9179-2][10981-2];1717285.22476,[5314-2][9179-2][10981-2][14472-2];1496780.69049
238,5239708.89776,78.5522737814,255837.34375,4428.46461588,3599,0[5314-2][9179-2][10981-2][14825-2][19056-2];3586856.65443,[5314-2][9179-2][10981-2][14825-2];5239708.89776,[5314-2][9179-2][14825-2][19051-2];2065076.03142,[5314-2][9179-2][10981-2][19054-2];1967880.5938
356,5253346.80586,109.865562783,549709.5,9595.70608939,3234,1[5314-2][9179-2][10981-2][14825-2][19056-2];3586856.65443,[5314-2][9179-2][10981-2][19056-2];5253346.80586,[5314-2][9179-2][10981-2][14825-2];5239708.89776,[5314-2][9179-2][14825-2][19056-2];5059102.49369
472,5253346.80586,122.434232766,1095901.625,17909.3803207,2580,1[5314-2][9179-2][10981-2][14825-2][19056-2];3586856.65443,[5314-2][9179-2][10981-2][19056-2];5253346.80586,[5314-2][9179-2][10981-2][14825-2];5239708.89776,[5314-2][9179-2][14825-2][19056-2];5059102.49369
589,5253346.80586,119.014460926,1967258,26288.438017,1837,1[5314-2][9179-2][10981-2][14825-2][19056-2];3586856.65443,[5314-2][9179-2][10981-2][19056-2];5253346.80586,[5314-2][9179-2][10981-2][14825-2];5239708.89776,[5314-2][9179-2][14825-2][19056-2];5059102.49369
707,5253346.80586,484.803406023,2931594.75,29855.2493009,1330,1[5314-2][9179-2][10981-2][14825-2][19056-2];3586856.65443,[5314-2][9179-2][10981-2][19056-2];5253346.80586,[5314-2][9179-2][10981-2][14825-2];5239708.89776,[5314-2][9179-2][14825-2][19056-2];5059102.49369
822,5253346.80586,173.967287445,3596522,28979.9939059,976,1[5314-2][9179-2][10981-2][14825-2][19056-2];3586856.65443,[5314-2][9179-2][10981-2][19056-2];5253346.80586,[5314-2][9179-2][10981-2][14825-2];5239708.89776,[5314-2][9179-2][14825-2][19056-2];5059102.49369
940,5253346.80586,1016.22185569,3883089,27825.6680103,866,1[5314-2][9179-2][10981-2][14825-2][19056-2];3586856.65443,[5314-2][9179-2][10981-2][19056-2];5253346.80586,[5314-2][9179-2][10981-2][14825-2];5239708.89776,[5314-2][9179-2][14825-2][19056-2];5059102.49369
1135,5253346.80586,42.4622830228,2520267.25,36581.8322657,2648,1[5314-2][9179-2][10981-2][14825-2][19056-2];3586856.65443,[5314-2][9179-2][10981-2][19056-2];5253346.80586,[5314-2][9179-2][10981-2][14825-2];5239708.89776,[5314-2][9179-2][14825-2][19056-2];5059102.49369
1255,5253346.80586,13191.9973076,4263530,25425.7434325,723,1[5314-2][9179-2][10981-2][14825-2][19056-2];3586856.65443,[5314-2][9179-2][10981-2][19056-2];5253346.80586,[5314-2][9179-2][10981-2][14825-2];5239708.89776,[5314-2][9179-2][14825-2][19056-2];5059102.49369
1376,5253346.80586,8814.5339261,4188584.25,26022.3772183,769,1[5314-2][9179-2][10981-2][14825-2][19056-2];3586856.65443,[5314-2][9179-2][10981-2][19056-2];5253346.80586,[5314-2][9179-2][10981-2][14825-2];5239708.89776,[5314-2][9179-2][14825-2][19056-2];5059102.49369
1497,5253346.80586,9870.67654455,4124135.5,26501.1879575,775,1[5314-2][9179-2][10981-2][14825-2][19056-2];3586856.65443,[5314-2][9179-2][10981-2][19056-2];5253346.80586,[5314-2][9179-2][10981-2][14825-2];5239708.89776,[5314-2][9179-2][14825-2][19056-2];5059102.49369
1620,5253346.80586,149.314034968,4099258.75,26771.0694724,806,1[5314-2][9179-2][10981-2][14825-2][19056-2];3586856.65443,[5314-2][9179-2][10981-2][19056-2];5253346.80586,[5314-2][9179-2][10981-2][14825-2];5239708.89776,[5314-2][9179-2][14825-2][19056-2];5059102.49369
1739,5253346.80586,13294.7426934,4091938,26818.2196056,807,1[5314-2][9179-2][10981-2][14825-2][19056-2];3586856.65443,[5314-2][9179-2][10981-2][19056-2];5253346.80586,[5314-2][9179-2][10981-2][14825-2];5239708.89776,[5314-2][9179-2][14825-2][19056-2];5059102.49369
1935,5253346.80586,49.5529664033,2522156.75,36602.4491093,2649,1[5314-2][9179-2][10981-2][14825-2][19056-2];3586856.65443,[5314-2][9179-2][10981-2][19056-2];5253346.80586,[5314-2][9179-2][10981-2][14825-2];5239708.89776,[5314-2][9179-2][14825-2][19056-2];5059102.49369
2057,5253346.80586,49.5529664033,4243588.5,25778.5349833,697,1[5314-2][9179-2][10981-2][14825-2][19056-2];3586856.65443,[5314-2][9179-2][10981-2][19056-2];5253346.80586,[5314-2][9179-2][10981-2][14825-2];5239708.89776,[5314-2][9179-2][14825-2][19056-2];5059102.49369
2180,5253346.80586,49.5529664033,4186719.5,26245.529475,723,1[5314-2][9179-2][10981-2][14825-2][19056-2];3586856.65443,[5314-2][9179-2][10981-2][19056-2];5253346.80586,[5314-2][9179-2][10981-2][14825-2];5239708.89776,[5314-2][9179-2][14825-2][19056-2];5059102.49369
2304,5253346.80586,4486.56184754,4091650.5,26833.4738415,741,1[5314-2][9179-2][10981-2][14825-2][19056-2];3586856.65443,[5314-2][9179-2][10981-2][19056-2];5253346.80586,[5314-2][9179-2][10981-2][14825-2];5239708.89776,[5314-2][9179-2][14825-2][19056-2];5059102.49369
2426,5253346.80586,4486.56184754,4068300.5,27131.3202945,792,1[5314-2][9179-2][10981-2][14825-2][19056-2];3586856.65443,[5314-2][9179-2][10981-2][19056-2];5253346.80586,[5314-2][9179-2][10981-2][14825-2];5239708.89776,[5314-2][9179-2][14825-2][19056-2];5059102.49369
2549,5253346.80586,9418.45531674,4081326,27005.4446498,784,1[5314-2][9179-2][10981-2][14825-2][19056-2];3586856.65443,[5314-2][9179-2][10981-2][19056-2];5253346.80586,[5314-2][9179-2][10981-2][14825-2];5239708.89776,[5314-2][9179-2][14825-2][19056-2];5059102.49369
118,1630391.50521,65.6666213216,71408.515625,1598.59205046,3648,-1[5314-2][9179-2][10981-2][14825-2][19056-2];3586856.65443,[9179-2][10814-2][10981-2][14825-2];1630391.50521,[5314-2][9179-2][13548-2][14825-2];1358984.80656,[5314-2][9179-2][10981-2][18416-2];1323025.13825
233,5239708.89776,65.6666213216,222640.953125,4323.22179501,3643,0[5314-2][9179-2][10981-2][14825-2][19056-2];3586856.65443,[5314-2][9179-2][10981-2][14825-2];5239708.89776,[5314-2][9179-2][14825-2][19056-2];5059102.49369,[9179-2][10981-2][16512-2][19056-2];1786996.12761
347,5253346.80586,65.6666213216,544335.875,9510.60471709,3320,1[5314-2][9179-2][10981-2][14825-2][19056-2];3586856.65443,[5314-2][9179-2][10981-2][19056-2];5253346.80586,[5314-2][9179-2][10981-2][14825-2];5239708.89776,[5314-2][9179-2][14825-2][19056-2];5059102.49369
460,5253346.80586,84.5820958463,1063193.75,17336.1267389,2538,1[5314-2][9179-2][10981-2][14825-2][19056-2];3586856.65443,[5314-2][9179-2][10981-2][19056-2];5253346.80586,[5314-2][9179-2][10981-2][14825-2];5239708.89776,[5314-2][9179-2][14825-2][19056-2];5059102.49369
574,5253346.80586,84.5820958463,1884912,26098.836051,1841,1[5314-2][9179-2][10981-2][14825-2][19056-2];3586856.65443,[5314-2][9179-2][10981-2][19056-2];5253346.80586,[5314-2][9179-2][10981-2][14825-2];5239708.89776,[5314-2][9179-2][14825-2][19056-2];5059102.49369
688,5253346.80586,174.168824321,2848325.75,30114.8322565,1347,1[5314-2][9179-2][10981-2][14825-2][19056-2];3586856.65443,[5314-2][9179-2][10981-2][19056-2];5253346.80586,[5314-2][9179-2][10981-2][14825-2];5239708.89776,[5314-2][9179-2][14825-2][19056-2];5059102.49369
805,5253346.80586,8798.06480871,3455282.5,29481.3955458,1096,1[5314-2][9179-2][10981-2][14825-2][19056-2];3586856.65443,[5314-2][9179-2][10981-2][19056-2];5253346.80586,[5314-2][9179-2][10981-2][14825-2];5239708.89776,[5314-2][9179-2][14825-2][19056-2];5059102.49369
925,5253346.80586,8852.33065364,3787246,28236.6187422,943,1[5314-2][9179-2][10981-2][14825-2][19056-2];3586856.65443,[5314-2][9179-2][10981-2][19056-2];5253346.80586,[5314-2][9179-2][10981-2][14825-2];5239708.89776,[5314-2][9179-2][14825-2][19056-2];5059102.49369
1117,5253346.80586,37.6650685476,2519654.5,36576.1659191,2649,1[5314-2][9179-2][10981-2][14825-2][19056-2];3586856.65443,[5314-2][9179-2][10981-2][19056-2];5253346.80586,[5314-2][9179-2][10981-2][14825-2];5239708.89776,[5314-2][9179-2][14825-2][19056-2];5059102.49369
1235,5253346.80586,37.6650685476,4323873,24762.8898068,677,1[5314-2][9179-2][10981-2][14825-2][19056-2];3586856.65443,[5314-2][9179-2][10981-2][19056-2];5253346.80586,[5314-2][9179-2][10981-2][14825-2];5239708.89776,[5314-2][9179-2][14825-2][19056-2];5059102.49369
1353,5253346.80586,9929.52609432,4143523.5,26272.6616713,754,1[5314-2][9179-2][10981-2][14825-2][19056-2];3586856.65443,[5314-2][9179-2][10981-2][19056-2];5253346.80586,[5314-2][9179-2][10981-2][14825-2];5239708.89776,[5314-2][9179-2][14825-2][19056-2];5059102.49369
1472,5253346.80586,14951.7369645,4117482.25,26646.5675949,790,1[5314-2][9179-2][10981-2][14825-2][19056-2];3586856.65443,[5314-2][9179-2][10981-2][19056-2];5253346.80586,[5314-2][9179-2][10981-2][14825-2];5239708.89776,[5314-2][9179-2][14825-2][19056-2];5059102.49369
1590,5253346.80586,13229.5964229,4106077.75,26707.9686317,803,1[5314-2][9179-2][10981-2][14825-2][19056-2];3586856.65443,[5314-2][9179-2][10981-2][19056-2];5253346.80586,[5314-2][9179-2][10981-2][14825-2];5239708.89776,[5314-2][9179-2][14825-2][19056-2];5059102.49369
1710,5253346.80586,9936.7807936,4154674.5,26181.9036876,756,1[5314-2][9179-2][10981-2][14825-2][19056-2];3586856.65443,[5314-2][9179-2][10981-2][19056-2];5253346.80586,[5314-2][9179-2][10981-2][14825-2];5239708.89776,[5314-2][9179-2][14825-2][19056-2];5059102.49369
1905,5253346.80586,66.582859107,2521340,36588.8814007,2648,1[5314-2][9179-2][10981-2][14825-2][19056-2];3586856.65443,[5314-2][9179-2][10981-2][19056-2];5253346.80586,[5314-2][9179-2][10981-2][14825-2];5239708.89776,[5314-2][9179-2][14825-2][19056-2];5059102.49369
2027,5253346.80586,8771.53441311,4298039.5,25122.7339807,676,1[5314-2][9179-2][10981-2][14825-2][19056-2];3586856.65443,[5314-2][9179-2][10981-2][19056-2];5253346.80586,[5314-2][9179-2][10981-2][14825-2];5239708.89776,[5314-2][9179-2][14825-2][19056-2];5059102.49369
2148,5253346.80586,13948.6463942,4143688,26529.6303503,767,1[5314-2][9179-2][10981-2][14825-2][19056-2];3586856.65443,[5314-2][9179-2][10981-2][19056-2];5253346.80586,[5314-2][9179-2][10981-2][14825-2];5239708.89776,[5314-2][9179-2][14825-2][19056-2];5059102.49369
2270,5253346.80586,13212.8773684,4095128.25,26805.082542,782,1[5314-2][9179-2][10981-2][14825-2][19056-2];3586856.65443,[5314-2][9179-2][10981-2][19056-2];5253346.80586,[5314-2][9179-2][10981-2][14825-2];5239708.89776,[5314-2][9179-2][14825-2][19056-2];5059102.49369
118,1629499.30941,51.8214066592,76237.3828125,1584.70529704,3699,-1[5314-2][9179-2][10981-2][14825-2][19056-2];3586856.65443,[5314-2][5475-2][9179-2][14825-2];1629499.30941,[5314-2][9179-2][9713-2][14825-2];1439430.91476,[5314-2][9179-2][10981-2][16876-2];1377174.71384
237,5253346.80586,51.8214066592,220957.46875,4811.72485266,3669,1[5314-2][9179-2][10981-2][14825-2][19056-2];3586856.65443,[5314-2][9179-2][10981-2][19056-2];5253346.80586,[5314-2][9179-2][10981-2][14825-2];5239708.89776,[9179-2][10981-2][14825-2][19056-2];4867823.71006
355,5253346.80586,50.9699418001,595203.3125,12701.2492856,3339,1[5314-2][9179-2][10981-2][14825-2][19056-2];3586856.65443,[5314-2][9179-2][10981-2][19056-2];5253346.80586,[5314-2][9179-2][10981-2][14825-2];5239708.89776,[5314-2][9179-2][14825-2][19056-2];5059102.49369
471,5253346.80586,92.8927387714,1494654.625,23966.2849954,2302,1[5314-2][9179-2][10981-2][14825-2][19056-2];3586856.65443,[5314-2][9179-2][10981-2][19056-2];5253346.80586,[5314-2][9179-2][10981-2][14825-2];5239708.89776,[5314-2][9179-2][14825-2][19056-2];5059102.49369
589,5253346.80586,93.8094507942,2555420.75,29550.3894612,1550,1[5314-2][9179-2][10981-2][14825-2][19056-2];3586856.65443,[5314-2][9179-2][10981-2][19056-2];5253346.80586,[5314-2][9179-2][10981-2][14825-2];5239708.89776,[5314-2][9179-2][14825-2][19056-2];5059102.49369
707,5253346.80586,8798.44281473,3247148.75,29988.7641169,1200,1[5314-2][9179-2][10981-2][14825-2][19056-2];3586856.65443,[5314-2][9179-2][10981-2][19056-2];5253346.80586,[5314-2][9179-2][10981-2][14825-2];5239708.89776,[5314-2][9179-2][14825-2][19056-2];5059102.49369
824,5253346.80586,8752.33270634,3564361.25,29212.8053448,1081,1[5314-2][9179-2][10981-2][14825-2][19056-2];3586856.65443,[5314-2][9179-2][10981-2][19056-2];5253346.80586,[5314-2][9179-2][10981-2][14825-2];5239708.89776,[5314-2][9179-2][14825-2][19056-2];5059102.49369
1022,5253346.80586,52.8249977018,2519971,36580.791728,2649,1[5314-2][9179-2][10981-2][14825-2][19056-2];3586856.65443,[5314-2][9179-2][10981-2][19056-2];5253346.80586,[5314-2][9179-2][10981-2][14825-2];5239708.89776,[5314-2][9179-2][14825-2][19056-2];5059102.49369
1140,5253346.80586,3512.6143281,4325576,24758.4204982,683,1[5314-2][9179-2][10981-2][14825-2][19056-2];3586856.65443,[5314-2][9179-2][10981-2][19056-2];5253346.80586,[5314-2][9179-2][10981-2][14825-2];5239708.89776,[5314-2][9179-2][14825-2][19056-2];5059102.49369
1257,5253346.80586,8810.63624264,4205112.5,25918.3549017,751,1[5314-2][9179-2][10981-2][14825-2][19056-2];3586856.65443,[5314-2][9179-2][10981-2][19056-2];5253346.80586,[5314-2][9179-2][10981-2][14825-2];5239708.89776,[5314-2][9179-2][14825-2][19056-2];5059102.49369
1377,5253346.80586,172.609826334,4125846.25,26510.3834267,757,1[5314-2][9179-2][10981-2][14825-2][19056-2];3586856.65443,[5314-2][9179-2][10981-2][19056-2];5253346.80586,[5314-2][9179-2][10981-2][14825-2];5239708.89776,[5314-2][9179-2][14825-2][19056-2];5059102.49369
1497,5253346.80586,11741.3550953,4061275.25,26948.6649918,803,1[5314-2][9179-2][10981-2][14825-2][19056-2];3586856.65443,[5314-2][9179-2][10981-2][19056-2];5253346.80586,[5314-2][9179-2][10981-2][14825-2];5239708.89776,[5314-2][9179-2][14825-2][19056-2];5059102.49369
1614,5253346.80586,9936.67647549,4116425.5,26545.8825467,782,1[5314-2][9179-2][10981-2][14825-2][19056-2];3586856.65443,[5314-2][9179-2][10981-2][19056-2];5253346.80586,[5314-2][9179-2][10981-2][14825-2];5239708.89776,[5314-2][9179-2][14825-2][19056-2];5059102.49369
1809,5253346.80586,44.9588955998,2521256,36597.530745,2648,1[5314-2][9179-2][10981-2][14825-2][19056-2];3586856.65443,[5314-2][9179-2][10981-2][19056-2];5253346.80586,[5314-2][9179-2][10981-2][14825-2];5239708.89776,[5314-2][9179-2][14825-2][19056-2];5059102.49369
1933,5253346.80586,8782.07801157,4297210.5,25252.6213191,700,1[5314-2][9179-2][10981-2][14825-2][19056-2];3586856.65443,[5314-2][9179-2][10981-2][19056-2];5253346.80586,[5314-2][9179-2][10981-2][14825-2];5239708.89776,[5314-2][9179-2][14825-2][19056-2];5059102.49369
2056,5253346.80586,8782.07801157,4129993,26594.6906351,757,1[5314-2][9179-2][10981-2][14825-2][19056-2];3586856.65443,[5314-2][9179-2][10981-2][19056-2];5253346.80586,[5314-2][9179-2][10981-2][14825-2];5239708.89776,[5314-2][9179-2][14825-2][19056-2];5059102.49369
2178,5253346.80586,13705.1720473,4085509.75,26997.9370186,802,1[5314-2][9179-2][10981-2][14825-2][19056-2];3586856.65443,[5314-2][9179-2][10981-2][19056-2];5253346.80586,[5314-2][9179-2][10981-2][14825-2];5239708.89776,[5314-2][9179-2][14825-2][19056-2];5059102.49369
2302,5253346.80586,8820.26121592,4070484.75,26974.0413661,786,1[5314-2][9179-2][10981-2][14825-2][19056-2];3586856.65443,[5314-2][9179-2][10981-2][19056-2];5253346.80586,[5314-2][9179-2][10981-2][14825-2];5239708.89776,[5314-2][9179-2][14825-2][19056-2];5059102.49369
2423,5253346.80586,8795.99361633,4119689.25,26631.5580216,751,1[5314-2][9179-2][10981-2][14825-2][19056-2];3586856.65443,[5314-2][9179-2][10981-2][19056-2];5253346.80586,[5314-2][9179-2][10981-2][14825-2];5239708.89776,[5314-2][9179-2][14825-2][19056-2];5059102.49369
2624,5253346.80586,52.0233319708,2523226.25,36623.6583894,2649,1[5314-2][9179-2][10981-2][14825-2][19056-2];3586856.65443,[5314-2][9179-2][10981-2][19056-2];5253346.80586,[5314-2][9179-2][10981-2][14825-2];5239708.89776,[5314-2][9179-2][14825-2][19056-2];5059102.49369
2751,5253346.80586,8762.14229503,4330174,24999.404674,597,1[5314-2][9179-2][10981-2][14825-2][19056-2];3586856.65443,[5314-2][9179-2][10981-2][19056-2];5253346.80586,[5314-2][9179-2][10981-2][14825-2];5239708.89776,[5314-2][9179-2][14825-2][19056-2];5059102.49369
115,2454146.57241,38.784292539,115353.101562,2364.24352608,3503,-1[5314-2][9179-2][10981-2][14825-2][19056-2];3586856.65443,[5314-2][9179-2][14825-2][19054-2];2454146.57241,[9179-2][10981-2][16512-2][19056-2];1786996.12761,[5314-2][9179-2][14825-2][19044-2];1621012.34766
232,5253346.80586,38.784292539,306145.21875,5629.21809224,3438,-1[5314-2][9179-2][10981-2][14825-2][19056-2];3586856.65443,[5314-2][9179-2][10981-2][19056-2];5253346.80586,[5314-2][9179-2][14825-2][19056-2];5059102.49369,[5314-2][9179-2][14823-2][19056-2];3065309.04396
352,5253346.80586,96.6179200371,677718.125,12040.6215371,3001,1[5314-2][9179-2][10981-2][14825-2][19056-2];3586856.65443,[5314-2][9179-2][10981-2][19056-2];5253346.80586,[5314-2][9179-2][10981-2][14825-2];5239708.89776,[5314-2][9179-2][14825-2][19056-2];5059102.49369
472,5253346.80586,137.47819974,1331231.625,20547.6787136,2279,1[5314-2][9179-2][10981-2][14825-2][19056-2];3586856.65443,[5314-2][9179-2][10981-2][19056-2];5253346.80586,[5314-2][9179-2][10981-2][14825-2];5239708.89776,[5314-2][9179-2][14825-2][19056-2];5059102.49369
595,5253346.80586,8773.91329466,2293101.25,27669.9602647,1576,1[5314-2][9179-2][10981-2][14825-2][19056-2];3586856.65443,[5314-2][9179-2][10981-2][19056-2];5253346.80586,[5314-2][9179-2][10981-2][14825-2];5239708.89776,[5314-2][9179-2][14825-2][19056-2];5059102.49369
719,5253346.80586,339.48453376,3146326.75,29119.0545891,1170,1[5314-2][9179-2][10981-2][14825-2][19056-2];3586856.65443,[5314-2][9179-2][10981-2][19056-2];5253346.80586,[5314-2][9179-2][10981-2][14825-2];5239708.89776,[5314-2][9179-2][14825-2][19056-2];5059102.49369
845,5253346.80586,339.48453376,3555204.75,28446.7696753,1026,1[5314-2][9179-2][10981-2][14825-2][19056-2];3586856.65443,[5314-2][9179-2][10981-2][19056-2];5253346.80586,[5314-2][9179-2][10981-2][14825-2];5239708.89776,[5314-2][9179-2][14825-2][19056-2];5059102.49369
1046,5253346.80586,53.1994787472,2484693.5,36063.0235611,2649,1[5314-2][9179-2][10981-2][14825-2][19056-2];3586856.65443,[5314-2][9179-2][10981-2][19056-2];5253346.80586,[5314-2][9179-2][10981-2][14825-2];5239708.89776,[5314-2][9179-2][14825-2][19056-2];5059102.49369
1171,5253346.80586,3253.06583302,4215931.5,25176.3227327,737,1[5314-2][9179-2][10981-2][14825-2][19056-2];3586856.65443,[5314-2][9179-2][10981-2][19056-2];5253346.80586,[5314-2][9179-2][10981-2][14825-2];5239708.89776,[5314-2][9179-2][14825-2][19056-2];5059102.49369
1295,5253346.80586,3253.06583302,4087543.5,26305.3479914,823,1[5314-2][9179-2][10981-2][14825-2][19056-2];3586856.65443,[5314-2][9179-2][10981-2][19056-2];5253346.80586,[5314-2][9179-2][10981-2][14825-2];5239708.89776,[5314-2][9179-2][14825-2][19056-2];5059102.49369
1423,5253346.80586,10426.5558105,4059823.25,26533.0787491,819,1[5314-2][9179-2][10981-2][14825-2][19056-2];3586856.65443,[5314-2][9179-2][10981-2][19056-2];5253346.80586,[5314-2][9179-2][10981-2][14825-2];5239708.89776,[5314-2][9179-2][14825-2][19056-2];5059102.49369
1549,5253346.80586,10423.9982671,4050262.5,26622.5843193,812,1[5314-2][9179-2][10981-2][14825-2][19056-2];3586856.65443,[5314-2][9179-2][10981-2][19056-2];5253346.80586,[5314-2][9179-2][10981-2][14825-2];5239708.89776,[5314-2][9179-2][14825-2][19056-2];5059102.49369
1675,5253346.80586,8852.88443825,3971561,27348.8205822,861,1[5314-2][9179-2][10981-2][14825-2][19056-2];3586856.65443,[5314-2][9179-2][10981-2][19056-2];5253346.80586,[5314-2][9179-2][10981-2][14825-2];5239708.89776,[5314-2][9179-2][14825-2][19056-2];5059102.49369
1876,5253346.80586,42.3569061321,2522580.5,36617.2188013,2649,1[5314-2][9179-2][10981-2][14825-2][19056-2];3586856.65443,[5314-2][9179-2][10981-2][19056-2];5253346.80586,[5314-2][9179-2][10981-2][14825-2];5239708.89776,[5314-2][9179-2][14825-2][19056-2];5059102.49369
2003,5253346.80586,13243.4357542,4311208,25183.4771511,640,1[5314-2][9179-2][10981-2][14825-2][19056-2];3586856.65443,[5314-2][9179-2][10981-2][19056-2];5253346.80586,[5314-2][9179-2][10981-2][14825-2];5239708.89776,[5314-2][9179-2][14825-2][19056-2];5059102.49369
2130,5253346.80586,556.820225641,4187055.25,26147.2918769,665,1[5314-2][9179-2][10981-2][14825-2][19056-2];3586856.65443,[5314-2][9179-2][10981-2][19056-2];5253346.80586,[5314-2][9179-2][10981-2][14825-2];5239708.89776,[5314-2][9179-2][14825-2][19056-2];5059102.49369
2257,5253346.80586,8736.36512061,4070654,27230.2580719,744,1[5314-2][9179-2][10981-2][14825-2][19056-2];3586856.65443,[5314-2][9179-2][10981-2][19056-2];5253346.80586,[5314-2][9179-2][10981-2][14825-2];5239708.89776,[5314-2][9179-2][14825-2][19056-2];5059102.49369
2384,5253346.80586,8801.56978925,4061415.75,27266.0493046,720,1[5314-2][9179-2][10981-2][14825-2][19056-2];3586856.65443,[5314-2][9179-2][10981-2][19056-2];5253346.80586,[5314-2][9179-2][10981-2][14825-2];5239708.89776,[5314-2][9179-2][14825-2][19056-2];5059102.49369
2510,5253346.80586,8760.02296458,4091009.75,26982.6970255,739,1[5314-2][9179-2][10981-2][14825-2][19056-2];3586856.65443,[5314-2][9179-2][10981-2][19056-2];5253346.80586,[5314-2][9179-2][10981-2][14825-2];5239708.89776,[5314-2][9179-2][14825-2][19056-2];5059102.49369
2714,5253346.80586,61.0533602729,2523312,36625.0661464,2649,1[5314-2][9179-2][10981-2][14825-2][19056-2];3586856.65443,[5314-2][9179-2][10981-2][19056-2];5253346.80586,[5314-2][9179-2][10981-2][14825-2];5239708.89776,[5314-2][9179-2][14825-2][19056-2];5059102.49369
2843,5253346.80586,8753.15671258,4292446.5,25399.7448127,602,1[5314-2][9179-2][10981-2][14825-2][19056-2];3586856.65443,[5314-2][9179-2][10981-2][19056-2];5253346.80586,[5314-2][9179-2][10981-2][14825-2];5239708.89776,[5314-2][9179-2][14825-2][19056-2];5059102.49369
2972,5253346.80586,13260.0167445,4142147.25,26625.5965139,644,1[5314-2][9179-2][10981-2][14825-2][19056-2];3586856.65443,[5314-2][9179-2][10981-2][19056-2];5253346.80586,[5314-2][9179-2][10981-2][14825-2];5239708.89776,[5314-2][9179-2][14825-2][19056-2];5059102.49369
117,3105669.56849,54.6543169061,72623.375,1597.19297246,3659,-1[5314-2][9179-2][10981-2][14825-2][19056-2];3586856.65443,[9179-2][10981-2][14823-2][19056-2];3105669.56849,[5314-2][9179-2][9765-2][10981-2];1840629.68252,[5314-2][9179-2][10814-2][10981-2];1727072.21306
232,3105669.56849,53.8881885053,203046.140625,4256.00048618,3742,-1[5314-2][9179-2][10981-2][14825-2][19056-2];3586856.65443,[9179-2][10981-2][14823-2][19056-2];3105669.56849,[5314-2][9179-2][14823-2][19056-2];3065309.04396,[5314-2][9179-2][10981-2][11288-2];2250689.42995
344,5253346.80586,53.8881885053,533685.375,10131.98915,3434,1[5314-2][9179-2][10981-2][14825-2][19056-2];3586856.65443,[5314-2][9179-2][10981-2][19056-2];5253346.80586,[5314-2][9179-2][10981-2][14825-2];5239708.89776,[5314-2][9179-2][14825-2][19056-2];5059102.49369
457,5253346.80586,53.8881885053,1118164.375,17451.2965596,2659,1[5314-2][9179-2][10981-2][14825-2][19056-2];3586856.65443,[5314-2][9179-2][10981-2][19056-2];5253346.80586,[5314-2][9179-2][10981-2][14825-2];5239708.89776,[5314-2][9179-2][14825-2][19056-2];5059102.49369
571,5253346.80586,99.5563501924,1846753.875,23959.5396121,1976,1[5314-2][9179-2][10981-2][14825-2][19056-2];3586856.65443,[5314-2][9179-2][10981-2][19056-2];5253346.80586,[5314-2][9179-2][10981-2][14825-2];5239708.89776,[5314-2][9179-2][14825-2][19056-2];5059102.49369
689,5253346.80586,70.248722466,2504463.75,27551.5227315,1532,1[5314-2][9179-2][10981-2][14825-2][19056-2];3586856.65443,[5314-2][9179-2][10981-2][19056-2];5253346.80586,[5314-2][9179-2][10981-2][14825-2];5239708.89776,[5314-2][9179-2][14825-2][19056-2];5059102.49369
806,5253346.80586,70.248722466,3072463.25,28650.4967123,1216,1[5314-2][9179-2][10981-2][14825-2][19056-2];3586856.65443,[5314-2][9179-2][10981-2][19056-2];5253346.80586,[5314-2][9179-2][10981-2][14825-2];5239708.89776,[5314-2][9179-2][14825-2][19056-2];5059102.49369
928,5253346.80586,13301.2253008,3401890.5,28960.1710708,1112,1[5314-2][9179-2][10981-2][14825-2][19056-2];3586856.65443,[5314-2][9179-2][10981-2][19056-2];5253346.80586,[5314-2][9179-2][10981-2][14825-2];5239708.89776,[5314-2][9179-2][14825-2][19056-2];5059102.49369
1126,5253346.80586,60.4051145078,2520681.75,36591.5866932,2649,1[5314-2][9179-2][10981-2][14825-2][19056-2];3586856.65443,[5314-2][9179-2][10981-2][19056-2];5253346.80586,[5314-2][9179-2][10981-2][14825-2];5239708.89776,[5314-2][9179-2][14825-2][19056-2];5059102.49369
1245,5253346.80586,123.655634259,4266144,25477.5115911,728,1[5314-2][9179-2][10981-2][14825-2][19056-2];3586856.65443,[5314-2][9179-2][10981-2][19056-2];5253346.80586,[5314-2][9179-2][10981-2][14825-2];5239708.89776,[5314-2][9179-2][14825-2][19056-2];5059102.49369
1368,5253346.80586,8901.66475645,4138765,26511.4611788,773,1[5314-2][9179-2][10981-2][14825-2][19056-2];3586856.65443,[5314-2][9179-2][10981-2][19056-2];5253346.80586,[5314-2][9179-2][10981-2][14825-2];5239708.89776,[5314-2][9179-2][14825-2][19056-2];5059102.49369
1489,5253346.80586,8901.66475645,4110119.75,26651.2508243,775,1[5314-2][9179-2][10981-2][14825-2][19056-2];3586856.65443,[5314-2][9179-2][10981-2][19056-2];5253346.80586,[5314-2][9179-2][10981-2][14825-2];5239708.89776,[5314-2][9179-2][14825-2][19056-2];5059102.49369
1610,5253346.80586,8901.66475645,4131167.5,26502.6138725,768,1[5314-2][9179-2][10981-2][14825-2][19056-2];3586856.65443,[5314-2][9179-2][10981-2][19056-2];5253346.80586,[5314-2][9179-2][10981-2][14825-2];5239708.89776,[5314-2][9179-2][14825-2][19056-2];5059102.49369
1730,5253346.80586,9998.67087142,4107876,26780.2644701,790,1[5314-2][9179-2][10981-2][14825-2][19056-2];3586856.65443,[5314-2][9179-2][10981-2][19056-2];5253346.80586,[5314-2][9179-2][10981-2][14825-2];5239708.89776,[5314-2][9179-2][14825-2][19056-2];5059102.49369
1927,5253346.80586,37.7201626128,2522694.25,36619.7816621,2649,1[5314-2][9179-2][10981-2][14825-2][19056-2];3586856.65443,[5314-2][9179-2][10981-2][19056-2];5253346.80586,[5314-2][9179-2][10981-2][14825-2];5239708.89776,[5314-2][9179-2][14825-2][19056-2];5059102.49369
2048,5253346.80586,9974.96625256,4362062,24736.1562466,615,1[5314-2][9179-2][10981-2][14825-2][19056-2];3586856.65443,[5314-2][9179-2][10981-2][19056-2];5253346.80586,[5314-2][9179-2][10981-2][14825-2];5239708.89776,[5314-2][9179-2][14825-2][19056-2];5059102.49369
2176,5253346.80586,203.500256154,4140419,26739.6927795,704,1[5314-2][9179-2][10981-2][14825-2][19056-2];3586856.65443,[5314-2][9179-2][10981-2][19056-2];5253346.80586,[5314-2][9179-2][10981-2][14825-2];5239708.89776,[5314-2][9179-2][14825-2][19056-2];5059102.49369
2304,5253346.80586,8986.81288644,4120543.75,26919.924473,709,1[5314-2][9179-2][10981-2][14825-2][19056-2];3586856.65443,[5314-2][9179-2][10981-2][19056-2];5253346.80586,[5314-2][9179-2][10981-2][14825-2];5239708.89776,[5314-2][9179-2][14825-2][19056-2];5059102.49369
2430,5253346.80586,9963.10217965,4102551.25,26895.1705489,699,1[5314-2][9179-2][10981-2][14825-2][19056-2];3586856.65443,[5314-2][9179-2][10981-2][19056-2];5253346.80586,[5314-2][9179-2][10981-2][14825-2];5239708.89776,[5314-2][9179-2][14825-2][19056-2];5059102.49369
118,1530155.66461,38.9091847497,81757.46875,1684.03895779,3685,-1[5314-2][9179-2][10981-2][14825-2][19056-2];3586856.65443,[5314-2][9179-2][10981-2][14173-2];1530155.66461,[1029-2][5314-2][9179-2][10981-2];1508659.90888,[5314-2][9179-2][14825-2][19007-2];1495817.07289
237,3186018.63072,71.1358168059,227794.359375,3892.70212973,3615,-1[5314-2][9179-2][10981-2][14825-2][19056-2];3586856.65443,[5314-2][9179-2][10981-2][14823-2];3186018.63072,[5314-2][9179-2][14823-2][19056-2];3065309.04396,[5314-2][9179-2][14825-2][19054-2];2454146.57241
356,5253346.80586,99.2065231773,483948.4375,7983.50894647,3256,1[5314-2][9179-2][10981-2][14825-2][19056-2];3586856.65443,[5314-2][9179-2][10981-2][19056-2];5253346.80586,[5314-2][9179-2][10981-2][14825-2];5239708.89776,[5314-2][9179-2][14825-2][19056-2];5059102.49369
476,5253346.80586,88.2267337603,937503.3125,14740.2939211,2636,1[5314-2][9179-2][10981-2][14825-2][19056-2];3586856.65443,[5314-2][9179-2][10981-2][19056-2];5253346.80586,[5314-2][9179-2][10981-2][14825-2];5239708.89776,[5314-2][9179-2][14825-2][19056-2];5059102.49369
596,5253346.80586,179.137651615,1671526.875,22969.7222935,1906,1[5314-2][9179-2][10981-2][14825-2][19056-2];3586856.65443,[5314-2][9179-2][10981-2][19056-2];5253346.80586,[5314-2][9179-2][10981-2][14825-2];5239708.89776,[5314-2][9179-2][14825-2][19056-2];5059102.49369
713,5253346.80586,9884.96950715,2568827.5,28319.767598,1398,1[5314-2][9179-2][10981-2][14825-2][19056-2];3586856.65443,[5314-2][9179-2][10981-2][19056-2];5253346.80586,[5314-2][9179-2][10981-2][14825-2];5239708.89776,[5314-2][9179-2][14825-2][19056-2];5059102.49369
833,5253346.80586,9865.38088027,3318699.5,28917.2280392,1052,1[5314-2][9179-2][10981-2][14825-2][19056-2];3586856.65443,[5314-2][9179-2][10981-2][19056-2];5253346.80586,[5314-2][9179-2][10981-2][14825-2];5239708.89776,[5314-2][9179-2][14825-2][19056-2];5059102.49369
951,5253346.80586,120.008942376,3727040,28055.6100867,921,1[5314-2][9179-2][10981-2][14825-2][19056-2];3586856.65443,[5314-2][9179-2][10981-2][19056-2];5253346.80586,[5314-2][9179-2][10981-2][14825-2];5239708.89776,[5314-2][9179-2][14825-2][19056-2];5059102.49369
1146,5253346.80586,58.7783207119,2520332.5,36581.5987966,2649,1[5314-2][9179-2][10981-2][14825-2][19056-2];3586856.65443,[5314-2][9179-2][10981-2][19056-2];5253346.80586,[5314-2][9179-2][10981-2][14825-2];5239708.89776,[5314-2][9179-2][14825-2][19056-2];5059102.49369
1264,5253346.80586,58.7783207119,4261435,25432.7689874,711,1[5314-2][9179-2][10981-2][14825-2][19056-2];3586856.65443,[5314-2][9179-2][10981-2][19056-2];5253346.80586,[5314-2][9179-2][10981-2][14825-2];5239708.89776,[5314-2][9179-2][14825-2][19056-2];5059102.49369
1385,5253346.80586,13235.708541,4149228.75,26367.6521399,773,1[5314-2][9179-2][10981-2][14825-2][19056-2];3586856.65443,[5314-2][9179-2][10981-2][19056-2];5253346.80586,[5314-2][9179-2][10981-2][14825-2];5239708.89776,[5314-2][9179-2][14825-2][19056-2];5059102.49369
1505,5253346.80586,14328.6809089,4110756.25,26513.6399305,767,1[5314-2][9179-2][10981-2][14825-2][19056-2];3586856.65443,[5314-2][9179-2][10981-2][19056-2];5253346.80586,[5314-2][9179-2][10981-2][14825-2];5239708.89776,[5314-2][9179-2][14825-2][19056-2];5059102.49369
1625,5253346.80586,8797.42214856,4095135,26688.3712123,790,1[5314-2][9179-2][10981-2][14825-2][19056-2];3586856.65443,[5314-2][9179-2][10981-2][19056-2];5253346.80586,[5314-2][9179-2][10981-2][14825-2];5239708.89776,[5314-2][9179-2][14825-2][19056-2];5059102.49369
1743,5253346.80586,8797.42214856,4079064.25,26947.4689751,805,1[5314-2][9179-2][10981-2][14825-2][19056-2];3586856.65443,[5314-2][9179-2][10981-2][19056-2];5253346.80586,[5314-2][9179-2][10981-2][14825-2];5239708.89776,[5314-2][9179-2][14825-2][19056-2];5059102.49369
1941,5253346.80586,43.9355500369,2521843,36609.0939867,2649,1[5314-2][9179-2][10981-2][14825-2][19056-2];3586856.65443,[5314-2][9179-2][10981-2][19056-2];5253346.80586,[5314-2][9179-2][10981-2][14825-2];5239708.89776,[5314-2][9179-2][14825-2][19056-2];5059102.49369
2066,5253346.80586,43.9355500369,4270271.5,25446.7776911,669,1[5314-2][9179-2][10981-2][14825-2][19056-2];3586856.65443,[5314-2][9179-2][10981-2][19056-2];5253346.80586,[5314-2][9179-2][10981-2][14825-2];5239708.89776,[5314-2][9179-2][14825-2][19056-2];5059102.49369
2191,5253346.80586,8770.36037909,4148081,26550.2390956,740,1[5314-2][9179-2][10981-2][14825-2][19056-2];3586856.65443,[5314-2][9179-2][10981-2][19056-2];5253346.80586,[5314-2][9179-2][10981-2][14825-2];5239708.89776,[5314-2][9179-2][14825-2][19056-2];5059102.49369
2315,5253346.80586,8770.36037909,4141976,26529.119572,726,1[5314-2][9179-2][10981-2][14825-2][19056-2];3586856.65443,[5314-2][9179-2][10981-2][19056-2];5253346.80586,[5314-2][9179-2][10981-2][14825-2];5239708.89776,[5314-2][9179-2][14825-2][19056-2];5059102.49369
2438,5253346.80586,8771.11446858,4090838.75,26937.1391176,744,1[5314-2][9179-2][10981-2][14825-2][19056-2];3586856.65443,[5314-2][9179-2][10981-2][19056-2];5253346.80586,[5314-2][9179-2][10981-2][14825-2];5239708.89776,[5314-2][9179-2][14825-2][19056-2];5059102.49369
119,1717285.22476,52.8855508936,90461.5546875,1956.81308871,3630,-1[5314-2][9179-2][10981-2][14825-2][19056-2];3586856.65443,[5314-2][6476-2][9179-2][10981-2];1717285.22476,[5314-2][9179-2][10981-2][19397-2];1645359.60048,[5314-2][5475-2][9179-2][14825-2];1629499.30941
238,5253346.80586,52.8855508936,274537.28125,5539.04095283,3646,1[5314-2][9179-2][10981-2][14825-2][19056-2];3586856.65443,[5314-2][9179-2][10981-2][19056-2];5253346.80586,[5314-2][9179-2][10981-2][14825-2];5239708.89776,[5314-2][9179-2][14825-2][19056-2];5059102.49369
358,5253346.80586,52.8855508936,687857.4375,13204.097509,3115,1[5314-2][9179-2][10981-2][14825-2][19056-2];3586856.65443,[5314-2][9179-2][10981-2][19056-2];5253346.80586,[5314-2][9179-2][10981-2][14825-2];5239708.89776,[5314-2][9179-2][14825-2][19056-2];5059102.49369
475,5253346.80586,81.8846792317,1502255.25,23138.7388582,2289,1[5314-2][9179-2][10981-2][14825-2][19056-2];3586856.65443,[5314-2][9179-2][10981-2][19056-2];5253346.80586,[5314-2][9179-2][10981-2][14825-2];5239708.89776,[5314-2][9179-2][14825-2][19056-2];5059102.49369
594,5253346.80586,135.402156783,2532172.5,29075.8012232,1572,1[5314-2][9179-2][10981-2][14825-2][19056-2];3586856.65443,[5314-2][9179-2][10981-2][19056-2];5253346.80586,[5314-2][9179-2][10981-2][14825-2];5239708.89776,[5314-2][9179-2][14825-2][19056-2];5059102.49369
715,5253346.80586,1093.27393567,3346609.5,29144.953638,1115,1[5314-2][9179-2][10981-2][14825-2][19056-2];3586856.65443,[5314-2][9179-2][10981-2][19056-2];5253346.80586,[5314-2][9179-2][10981-2][14825-2];5239708.89776,[5314-2][9179-2][14825-2][19056-2];5059102.49369
835,5253346.80586,437.41528205,3728461.5,28332.5601603,991,1[5314-2][9179-2][10981-2][14825-2][19056-2];3586856.65443,[5314-2][9179-2][10981-2][19056-2];5253346.80586,[5314-2][9179-2][10981-2][14825-2];5239708.89776,[5314-2][9179-2][14825-2][19056-2];5059102.49369
1033,5253346.80586,71.9663095158,2520697.5,36587.6067975,2649,1[5314-2][9179-2][10981-2][14825-2][19056-2];3586856.65443,[5314-2][9179-2][10981-2][19056-2];5253346.80586,[5314-2][9179-2][10981-2][14825-2];5239708.89776,[5314-2][9179-2][14825-2][19056-2];5059102.49369
1153,5253346.80586,71.9663095158,4313130,25022.1902827,688,1[5314-2][9179-2][10981-2][14825-2][19056-2];3586856.65443,[5314-2][9179-2][10981-2][19056-2];5253346.80586,[5314-2][9179-2][10981-2][14825-2];5239708.89776,[5314-2][9179-2][14825-2][19056-2];5059102.49369
1276,5253346.80586,8919.12296917,4163855.5,26209.5420321,752,1[5314-2][9179-2][10981-2][14825-2][19056-2];3586856.65443,[5314-2][9179-2][10981-2][19056-2];5253346.80586,[5314-2][9179-2][10981-2][14825-2];5239708.89776,[5314-2][9179-2][14825-2][19056-2];5059102.49369
1397,5253346.80586,13238.7792715,4106769.5,26703.201624,785,1[5314-2][9179-2][10981-2][14825-2][19056-2];3586856.65443,[5314-2][9179-2][10981-2][19056-2];5253346.80586,[5314-2][9179-2][10981-2][14825-2];5239708.89776,[5314-2][9179-2][14825-2][19056-2];5059102.49369
1517,5253346.80586,13274.6729111,4120182.75,26546.9398298,774,1[5314-2][9179-2][10981-2][14825-2][19056-2];3586856.65443,[5314-2][9179-2][10981-2][19056-2];5253346.80586,[5314-2][9179-2][10981-2][14825-2];5239708.89776,[5314-2][9179-2][14825-2][19056-2];5059102.49369
1639,5253346.80586,8810.38856691,4087169.75,26973.2825289,810,1[5314-2][9179-2][10981-2][14825-2][19056-2];3586856.65443,[5314-2][9179-2][10981-2][19056-2];5253346.80586,[5314-2][9179-2][10981-2][14825-2];5239708.89776,[5314-2][9179-2][14825-2][19056-2];5059102.49369
1835,5253346.80586,56.0046899857,2521955,36616.2664665,2648,1[5314-2][9179-2][10981-2][14825-2][19056-2];3586856.65443,[5314-2][9179-2][10981-2][19056-2];5253346.80586,[5314-2][9179-2][10981-2][14825-2];5239708.89776,[5314-2][9179-2][14825-2][19056-2];5059102.49369
1961,5253346.80586,86.4677989549,4258596.5,25716.8414182,686,1[5314-2][9179-2][10981-2][14825-2][19056-2];3586856.65443,[5314-2][9179-2][10981-2][19056-2];5253346.80586,[5314-2][9179-2][10981-2][14825-2];5239708.89776,[5314-2][9179-2][14825-2][19056-2];5059102.49369
2087,5253346.80586,8761.16378872,4107824,26846.7377768,728,1[5314-2][9179-2][10981-2][14825-2][19056-2];3586856.65443,[5314-2][9179-2][10981-2][19056-2];5253346.80586,[5314-2][9179-2][10981-2][14825-2];5239708.89776,[5314-2][9179-2][14825-2][19056-2];5059102.49369
2212,5253346.80586,13321.2265547,4140998.25,26624.8078312,730,1[5314-2][9179-2][10981-2][14825-2][19056-2];3586856.65443,[5314-2][9179-2][10981-2][19056-2];5253346.80586,[5314-2][9179-2][10981-2][14825-2];5239708.89776,[5314-2][9179-2][14825-2][19056-2];5059102.49369
120,3186018.63072,35.9154714966,75282.8984375,1792.42744828,3695,-1[5314-2][9179-2][10981-2][14825-2][19056-2];3586856.65443,[5314-2][9179-2][10981-2][14823-2];3186018.63072,[9179-2][10981-2][12818-2][14825-2];1345878.7186,[5314-2][9179-2][9268-2][14825-2];1269853.49421
238,5253346.80586,84.0677066561,248895.875,4858.88564413,3558,1[5314-2][9179-2][10981-2][14825-2][19056-2];3586856.65443,[5314-2][9179-2][10981-2][19056-2];5253346.80586,[5314-2][9179-2][10981-2][14825-2];5239708.89776,[5314-2][9179-2][10981-2][14823-2];3186018.63072
355,5253346.80586,88.9282024008,605482.875,11037.7972556,3100,1[5314-2][9179-2][10981-2][14825-2][19056-2];3586856.65443,[5314-2][9179-2][10981-2][19056-2];5253346.80586,[5314-2][9179-2][10981-2][14825-2];5239708.89776,[5314-2][9179-2][14825-2][19056-2];5059102.49369
473,5253346.80586,130.140171782,1281583,20016.1122436,2388,1[5314-2][9179-2][10981-2][14825-2][19056-2];3586856.65443,[5314-2][9179-2][10981-2][19056-2];5253346.80586,[5314-2][9179-2][10981-2][14825-2];5239708.89776,[5314-2][9179-2][14825-2][19056-2];5059102.49369
588,5253346.80586,390.338236193,2251704.5,26586.3809165,1639,1[5314-2][9179-2][10981-2][14825-2][19056-2];3586856.65443,[5314-2][9179-2][10981-2][19056-2];5253346.80586,[5314-2][9179-2][10981-2][14825-2];5239708.89776,[5314-2][9179-2][14825-2][19056-2];5059102.49369
706,5253346.80586,8842.26983309,3037225,28352.8401607,1205,1[5314-2][9179-2][10981-2][14825-2][19056-2];3586856.65443,[5314-2][9179-2][10981-2][19056-2];5253346.80586,[5314-2][9179-2][10981-2][14825-2];5239708.89776,[5314-2][9179-2][14825-2][19056-2];5059102.49369
826,5253346.80586,13252.138883,3543608.5,28046.5222034,994,1[5314-2][9179-2][10981-2][14825-2][19056-2];3586856.65443,[5314-2][9179-2][10981-2][19056-2];5253346.80586,[5314-2][9179-2][10981-2][14825-2];5239708.89776,[5314-2][9179-2][14825-2][19056-2];5059102.49369
1020,5253346.80586,63.1789603506,2520614.5,36588.1002884,2649,1[5314-2][9179-2][10981-2][14825-2][19056-2];3586856.65443,[5314-2][9179-2][10981-2][19056-2];5253346.80586,[5314-2][9179-2][10981-2][14825-2];5239708.89776,[5314-2][9179-2][14825-2][19056-2];5059102.49369
1139,5253346.80586,111.740285818,4340310.5,24752.3285978,676,1[5314-2][9179-2][10981-2][14825-2][19056-2];3586856.65443,[5314-2][9179-2][10981-2][19056-2];5253346.80586,[5314-2][9179-2][10981-2][14825-2];5239708.89776,[5314-2][9179-2][14825-2][19056-2];5059102.49369
1258,5253346.80586,13323.5248517,4195220,25982.351867,734,1[5314-2][9179-2][10981-2][14825-2][19056-2];3586856.65443,[5314-2][9179-2][10981-2][19056-2];5253346.80586,[5314-2][9179-2][10981-2][14825-2];5239708.89776,[5314-2][9179-2][14825-2][19056-2];5059102.49369
1378,5253346.80586,8786.65908965,4139063.75,26572.434809,773,1[5314-2][9179-2][10981-2][14825-2][19056-2];3586856.65443,[5314-2][9179-2][10981-2][19056-2];5253346.80586,[5314-2][9179-2][10981-2][14825-2];5239708.89776,[5314-2][9179-2][14825-2][19056-2];5059102.49369
1499,5253346.80586,38514.1874044,4075373.75,26948.2237656,797,1[5314-2][9179-2][10981-2][14825-2][19056-2];3586856.65443,[5314-2][9179-2][10981-2][19056-2];5253346.80586,[5314-2][9179-2][10981-2][14825-2];5239708.89776,[5314-2][9179-2][14825-2][19056-2];5059102.49369
1619,5253346.80586,9899.70289685,4114176,26622.3195082,768,1[5314-2][9179-2][10981-2][14825-2][19056-2];3586856.65443,[5314-2][9179-2][10981-2][19056-2];5253346.80586,[5314-2][9179-2][10981-2][14825-2];5239708.89776,[5314-2][9179-2][14825-2][19056-2];5059102.49369
1817,5253346.80586,48.0505658746,2522529.5,36613.4703259,2649,1[5314-2][9179-2][10981-2][14825-2][19056-2];3586856.65443,[5314-2][9179-2][10981-2][19056-2];5253346.80586,[5314-2][9179-2][10981-2][14825-2];5239708.89776,[5314-2][9179-2][14825-2][19056-2];5059102.49369
1941,5253346.80586,1005.12254063,4316219.5,24989.8810949,660,1[5314-2][9179-2][10981-2][14825-2][19056-2];3586856.65443,[5314-2][9179-2][10981-2][19056-2];5253346.80586,[5314-2][9179-2][10981-2][14825-2];5239708.89776,[5314-2][9179-2][14825-2][19056-2];5059102.49369
2068,5253346.80586,1005.12254063,4196846,26223.3861839,704,1[5314-2][9179-2][10981-2][14825-2][19056-2];3586856.65443,[5314-2][9179-2][10981-2][19056-2];5253346.80586,[5314-2][9179-2][10981-2][14825-2];5239708.89776,[5314-2][9179-2][14825-2][19056-2];5059102.49369
2194,5253346.80586,13207.1627441,4183295.5,26268.1183858,710,1[5314-2][9179-2][10981-2][14825-2][19056-2];3586856.65443,[5314-2][9179-2][10981-2][19056-2];5253346.80586,[5314-2][9179-2][10981-2][14825-2];5239708.89776,[5314-2][9179-2][14825-2][19056-2];5059102.49369
2319,5253346.80586,8764.52106366,4144528.5,26688.1187637,743,1[5314-2][9179-2][10981-2][14825-2][19056-2];3586856.65443,[5314-2][9179-2][10981-2][19056-2];5253346.80586,[5314-2][9179-2][10981-2][14825-2];5239708.89776,[5314-2][9179-2][14825-2][19056-2];5059102.49369
2445,5253346.80586,13187.4423934,4160817.25,26480.3193024,702,1[5314-2][9179-2][10981-2][14825-2][19056-2];3586856.65443,[5314-2][9179-2][10981-2][19056-2];5253346.80586,[5314-2][9179-2][10981-2][14825-2];5239708.89776,[5314-2][9179-2][14825-2][19056-2];5059102.49369
2647,5253346.80586,51.5187632082,2523646,36620.970205,2649,1[5314-2][9179-2][10981-2][14825-2][19056-2];3586856.65443,[5314-2][9179-2][10981-2][19056-2];5253346.80586,[5314-2][9179-2][10981-2][14825-2];5239708.89776,[5314-2][9179-2][14825-2][19056-2];5059102.49369
116,5253346.80586,41.8685022182,148425.65625,4188.06535928,3567,-1[5314-2][9179-2][10981-2][14825-2][19056-2];3586856.65443,[5314-2][9179-2][10981-2][19056-2];5253346.80586,[5314-2][9179-2][10981-2][11288-2];2250689.42995,[5314-2][9179-2][10981-2][19054-2];1967880.5938
233,5253346.80586,41.8685022182,625620.875,10604.9058671,2764,1[5314-2][9179-2][10981-2][14825-2][19056-2];3586856.65443,[5314-2][9179-2][10981-2][19056-2];5253346.80586,[5314-2][9179-2][10981-2][14825-2];5239708.89776,[5314-2][9179-2][14825-2][19056-2];5059102.49369
349,5253346.80586,121.441440926,1294351.625,17829.2948651,1809,1[5314-2][9179-2][10981-2][14825-2][19056-2];3586856.65443,[5314-2][9179-2][10981-2][19056-2];5253346.80586,[5314-2][9179-2][10981-2][14825-2];5239708.89776,[5314-2][9179-2][14825-2][19056-2];5059102.49369
470,5253346.80586,140.452981343,2081005.75,25557.0444583,1332,1[5314-2][9179-2][10981-2][14825-2][19056-2];3586856.65443,[5314-2][9179-2][10981-2][19056-2];5253346.80586,[5314-2][9179-2][10981-2][14825-2];5239708.89776,[5314-2][9179-2][14825-2][19056-2];5059102.49369
592,5253346.80586,8883.44616604,2934836,29177.0855287,1027,1[5314-2][9179-2][10981-2][14825-2][19056-2];3586856.65443,[5314-2][9179-2][10981-2][19056-2];5253346.80586,[5314-2][9179-2][10981-2][14825-2];5239708.89776,[5314-2][9179-2][14825-2][19056-2];5059102.49369
717,5253346.80586,135.82682007,3607761.75,28870.2757759,865,1[5314-2][9179-2][10981-2][14825-2][19056-2];3586856.65443,[5314-2][9179-2][10981-2][19056-2];5253346.80586,[5314-2][9179-2][10981-2][14825-2];5239708.89776,[5314-2][9179-2][14825-2][19056-2];5059102.49369
916,5253346.80586,64.8465951258,2523428.75,36623.0356639,2649,1[5314-2][9179-2][10981-2][14825-2][19056-2];3586856.65443,[5314-2][9179-2][10981-2][19056-2];5253346.80586,[5314-2][9179-2][10981-2][14825-2];5239708.89776,[5314-2][9179-2][14825-2][19056-2];5059102.49369
1047,5253346.80586,63.6106956368,4289453.5,25439.2377025,607,1[5314-2][9179-2][10981-2][14825-2][19056-2];3586856.65443,[5314-2][9179-2][10981-2][19056-2];5253346.80586,[5314-2][9179-2][10981-2][14825-2];5239708.89776,[5314-2][9179-2][14825-2][19056-2];5059102.49369
1171,5253346.80586,180.206916014,4158572.25,26584.8940575,653,1[5314-2][9179-2][10981-2][14825-2][19056-2];3586856.65443,[5314-2][9179-2][10981-2][19056-2];5253346.80586,[5314-2][9179-2][10981-2][14825-2];5239708.89776,[5314-2][9179-2][14825-2][19056-2];5059102.49369
1298,5253346.80586,8772.39086014,4194136.5,26154.1165302,643,1[5314-2][9179-2][10981-2][14825-2][19056-2];3586856.65443,[5314-2][9179-2][10981-2][19056-2];5253346.80586,[5314-2][9179-2][10981-2][14825-2];5239708.89776,[5314-2][9179-2][14825-2][19056-2];5059102.49369
1425,5253346.80586,8739.07542142,4114834.25,26920.7372383,663,1[5314-2][9179-2][10981-2][14825-2][19056-2];3586856.65443,[5314-2][9179-2][10981-2][19056-2];5253346.80586,[5314-2][9179-2][10981-2][14825-2];5239708.89776,[5314-2][9179-2][14825-2][19056-2];5059102.49369
1552,5253346.80586,25580.4371857,4109367,26961.2071694,665,1[5314-2][9179-2][10981-2][14825-2][19056-2];3586856.65443,[5314-2][9179-2][10981-2][19056-2];5253346.80586,[5314-2][9179-2][10981-2][14825-2];5239708.89776,[5314-2][9179-2][14825-2][19056-2];5059102.49369
1756,5253346.80586,62.5920659333,2523058,36627.3187488,2649,1[5314-2][9179-2][10981-2][14825-2][19056-2];3586856.65443,[5314-2][9179-2][10981-2][19056-2];5253346.80586,[5314-2][9179-2][10981-2][14825-2];5239708.89776,[5314-2][9179-2][14825-2][19056-2];5059102.49369
1885,5253346.80586,62.5920659333,4282687,25467.1672398,586,1[5314-2][9179-2][10981-2][14825-2][19056-2];3586856.65443,[5314-2][9179-2][10981-2][19056-2];5253346.80586,[5314-2][9179-2][10981-2][14825-2];5239708.89776,[5314-2][9179-2][14825-2][19056-2];5059102.49369
2012,5253346.80586,8826.19103343,4200504,26224.6405404,645,1[5314-2][9179-2][10981-2][14825-2][19056-2];3586856.65443,[5314-2][9179-2][10981-2][19056-2];5253346.80586,[5314-2][9179-2][10981-2][14825-2];5239708.89776,[5314-2][9179-2][14825-2][19056-2];5059102.49369
2136,5253346.80586,13225.2847587,4147874.5,26666.529213,664,1[5314-2][9179-2][10981-2][14825-2][19056-2];3586856.65443,[5314-2][9179-2][10981-2][19056-2];5253346.80586,[5314-2][9179-2][10981-2][14825-2];5239708.89776,[5314-2][9179-2][14825-2][19056-2];5059102.49369
2262,5253346.80586,13242.8779832,4160899,26442.077158,641,1[5314-2][9179-2][10981-2][14825-2][19056-2];3586856.65443,[5314-2][9179-2][10981-2][19056-2];5253346.80586,[5314-2][9179-2][10981-2][14825-2];5239708.89776,[5314-2][9179-2][14825-2][19056-2];5059102.49369
118,1637811.01473,57.2447284446,77944.6015625,1637.58938475,3624,-1[5314-2][9179-2][10981-2][14825-2][19056-2];3586856.65443,[2830-2][5314-2][9179-2][10981-2];1637811.01473,[5314-2][9179-2][10981-2][18987-2];1454070.79425,[5314-2][5317-2][9179-2][10981-2];1450040.81036
236,5253346.80586,57.2447284446,222105.140625,4284.22922403,3716,1[5314-2][9179-2][10981-2][14825-2][19056-2];3586856.65443,[5314-2][9179-2][10981-2][19056-2];5253346.80586,[5314-2][9179-2][10981-2][14825-2];5239708.89776,[5314-2][9179-2][14825-2][19056-2];5059102.49369
353,5253346.80586,57.2447284446,556228.5625,11253.6499594,3400,1[5314-2][9179-2][10981-2][14825-2][19056-2];3586856.65443,[5314-2][9179-2][10981-2][19056-2];5253346.80586,[5314-2][9179-2][10981-2][14825-2];5239708.89776,[5314-2][9179-2][14825-2][19056-2];5059102.49369
472,5253346.80586,119.081263394,1289723.75,21750.8477715,2577,1[5314-2][9179-2][10981-2][14825-2][19056-2];3586856.65443,[5314-2][9179-2][10981-2][19056-2];5253346.80586,[5314-2][9179-2][10981-2][14825-2];5239708.89776,[5314-2][9179-2][14825-2][19056-2];5059102.49369
592,5253346.80586,107.182717645,2384183.25,29270.0154163,1706,1[5314-2][9179-2][10981-2][14825-2][19056-2];3586856.65443,[5314-2][9179-2][10981-2][19056-2];5253346.80586,[5314-2][9179-2][10981-2][14825-2];5239708.89776,[5314-2][9179-2][14825-2][19056-2];5059102.49369
712,5253346.80586,9961.68993112,3341721,29768.2088009,1131,1[5314-2][9179-2][10981-2][14825-2][19056-2];3586856.65443,[5314-2][9179-2][10981-2][19056-2];5253346.80586,[5314-2][9179-2][10981-2][14825-2];5239708.89776,[5314-2][9179-2][14825-2][19056-2];5059102.49369
832,5253346.80586,191.297257762,3783229.5,28447.7643715,966,1[5314-2][9179-2][10981-2][14825-2][19056-2];3586856.65443,[5314-2][9179-2][10981-2][19056-2];5253346.80586,[5314-2][9179-2][10981-2][14825-2];5239708.89776,[5314-2][9179-2][14825-2][19056-2];5059102.49369
1030,5253346.80586,43.6277631709,2522138.75,36614.9020797,2649,1[5314-2][9179-2][10981-2][14825-2][19056-2];3586856.65443,[5314-2][9179-2][10981-2][19056-2];5253346.80586,[5314-2][9179-2][10981-2][14825-2];5239708.89776,[5314-2][9179-2][14825-2][19056-2];5059102.49369
1155,5253346.80586,9912.01622717,4309804,25085.8483679,648,1[5314-2][9179-2][10981-2][14825-2][19056-2];3586856.65443,[5314-2][9179-2][10981-2][19056-2];5253346.80586,[5314-2][9179-2][10981-2][14825-2];5239708.89776,[5314-2][9179-2][14825-2][19056-2];5059102.49369
1278,5253346.80586,8772.95823221,4153636.75,26573.3590622,756,1[5314-2][9179-2][10981-2][14825-2][19056-2];3586856.65443,[5314-2][9179-2][10981-2][19056-2];5253346.80586,[5314-2][9179-2][10981-2][14825-2];5239708.89776,[5314-2][9179-2][14825-2][19056-2];5059102.49369
1401,5253346.80586,38480.2331644,4148724.5,26452.0732832,721,1[5314-2][9179-2][10981-2][14825-2][19056-2];3586856.65443,[5314-2][9179-2][10981-2][19056-2];5253346.80586,[5314-2][9179-2][10981-2][14825-2];5239708.89776,[5314-2][9179-2][14825-2][19056-2];5059102.49369
1525,5253346.80586,14052.691713,4113311.25,26838.5329789,755,1[5314-2][9179-2][10981-2][14825-2][19056-2];3586856.65443,[5314-2][9179-2][10981-2][19056-2];5253346.80586,[5314-2][9179-2][10981-2][14825-2];5239708.89776,[5314-2][9179-2][14825-2][19056-2];5059102.49369
1650,5253346.80586,8769.92210794,4093521,26978.0996465,748,1[5314-2][9179-2][10981-2][14825-2][19056-2];3586856.65443,[5314-2][9179-2][10981-2][19056-2];5253346.80586,[5314-2][9179-2][10981-2][14825-2];5239708.89776,[5314-2][9179-2][14825-2][19056-2];5059102.49369
1851,5253346.80586,67.9730675528,2523751.75,36620.3437865,2649,1[5314-2][9179-2][10981-2][14825-2][19056-2];3586856.65443,[5314-2][9179-2][10981-2][19056-2];5253346.80586,[5314-2][9179-2][10981-2][14825-2];5239708.89776,[5314-2][9179-2][14825-2][19056-2];5059102.49369
1978,5253346.80586,13230.3000228,4309100.5,25200.699464,595,1[5314-2][9179-2][10981-2][14825-2][19056-2];3586856.65443,[5314-2][9179-2][10981-2][19056-2];5253346.80586,[5314-2][9179-2][10981-2][14825-2];5239708.89776,[5314-2][9179-2][14825-2][19056-2];5059102.49369
2104,5253346.80586,13936.3680338,4227916,25950.5415803,641,1[5314-2][9179-2][10981-2][14825-2][19056-2];3586856.65443,[5314-2][9179-2][10981-2][19056-2];5253346.80586,[5314-2][9179-2][10981-2][14825-2];5239708.89776,[5314-2][9179-2][14825-2][19056-2];5059102.49369
2233,5253346.80586,8774.3356221,4158158,26537.9387956,665,1[5314-2][9179-2][10981-2][14825-2][19056-2];3586856.65443,[5314-2][9179-2][10981-2][19056-2];5253346.80586,[5314-2][9179-2][10981-2][14825-2];5239708.89776,[5314-2][9179-2][14825-2][19056-2];5059102.49369
116,3951882.80797,53.4017361348,100891.921875,2141.72181445,3554,-1[5314-2][9179-2][10981-2][14825-2][19056-2];3586856.65443,[4117-2][5314-2][9179-2][14825-2];3951882.80797,[9179-2][10981-2][14825-2][19053-2];1515894.75268,[5314-2][9179-2][10981-2][19084-2];1491123.34591
234,5253346.80586,70.9196353884,290438.84375,6066.94880964,3487,1[5314-2][9179-2][10981-2][14825-2][19056-2];3586856.65443,[5314-2][9179-2][10981-2][19056-2];5253346.80586,[5314-2][9179-2][10981-2][14825-2];5239708.89776,[5314-2][9179-2][14825-2][19056-2];5059102.49369
353,5253346.80586,110.93543157,692730.25,13653.9648888,3086,1[5314-2][9179-2][10981-2][14825-2][19056-2];3586856.65443,[5314-2][9179-2][10981-2][19056-2];5253346.80586,[5314-2][9179-2][10981-2][14825-2];5239708.89776,[5314-2][9179-2][14825-2][19056-2];5059102.49369
470,5253346.80586,100.594420312,1471785.5,22696.2689769,2300,1[5314-2][9179-2][10981-2][14825-2][19056-2];3586856.65443,[5314-2][9179-2][10981-2][19056-2];5253346.80586,[5314-2][9179-2][10981-2][14825-2];5239708.89776,[5314-2][9179-2][14825-2][19056-2];5059102.49369
588,5253346.80586,284.131714362,2361692.25,27965.5565179,1571,1[5314-2][9179-2][10981-2][14825-2][19056-2];3586856.65443,[5314-2][9179-2][10981-2][19056-2];5253346.80586,[5314-2][9179-2][10981-2][14825-2];5239708.89776,[5314-2][9179-2][14825-2][19056-2];5059102.49369
708,5253346.80586,1170.33767779,2979335.25,29421.5975952,1232,1[5314-2][9179-2][10981-2][14825-2][19056-2];3586856.65443,[5314-2][9179-2][10981-2][19056-2];5253346.80586,[5314-2][9179-2][10981-2][14825-2];5239708.89776,[5314-2][9179-2][14825-2][19056-2];5059102.49369
828,5253346.80586,8778.05694789,3431989.5,29262.7924582,1051,1[5314-2][9179-2][10981-2][14825-2][19056-2];3586856.65443,[5314-2][9179-2][10981-2][19056-2];5253346.80586,[5314-2][9179-2][10981-2][14825-2];5239708.89776,[5314-2][9179-2][14825-2][19056-2];5059102.49369
1027,5253346.80586,69.0967915577,2520373,36584.9343932,2647,1[5314-2][9179-2][10981-2][14825-2][19056-2];3586856.65443,[5314-2][9179-2][10981-2][19056-2];5253346.80586,[5314-2][9179-2][10981-2][14825-2];5239708.89776,[5314-2][9179-2][14825-2][19056-2];5059102.49369
1148,5253346.80586,114.488756991,4295414,25088.8515203,699,1[5314-2][9179-2][10981-2][14825-2][19056-2];3586856.65443,[5314-2][9179-2][10981-2][19056-2];5253346.80586,[5314-2][9179-2][10981-2][14825-2];5239708.89776,[5314-2][9179-2][14825-2][19056-2];5059102.49369
1266,5253346.80586,94.0823990252,4174983.25,26134.1864552,753,1[5314-2][9179-2][10981-2][14825-2][19056-2];3586856.65443,[5314-2][9179-2][10981-2][19056-2];5253346.80586,[5314-2][9179-2][10981-2][14825-2];5239708.89776,[5314-2][9179-2][14825-2][19056-2];5059102.49369
1384,5253346.80586,94.0823990252,4136539.75,26441.5374986,759,1[5314-2][9179-2][10981-2][14825-2][19056-2];3586856.65443,[5314-2][9179-2][10981-2][19056-2];5253346.80586,[5314-2][9179-2][10981-2][14825-2];5239708.89776,[5314-2][9179-2][14825-2][19056-2];5059102.49369
1502,5253346.80586,8755.17184031,4109352.5,26692.3969662,782,1[5314-2][9179-2][10981-2][14825-2][19056-2];3586856.65443,[5314-2][9179-2][10981-2][19056-2];5253346.80586,[5314-2][9179-2][10981-2][14825-2];5239708.89776,[5314-2][9179-2][14825-2][19056-2];5059102.49369
1622,5253346.80586,8755.17184031,4044918.75,27188.2394275,826,1[5314-2][9179-2][10981-2][14825-2][19056-2];3586856.65443,[5314-2][9179-2][10981-2][19056-2];5253346.80586,[5314-2][9179-2][10981-2][14825-2];5239708.89776,[5314-2][9179-2][14825-2][19056-2];5059102.49369
1819,5253346.80586,52.1432797364,2521914.75,36606.6745636,2649,1[5314-2][9179-2][10981-2][14825-2][19056-2];3586856.65443,[5314-2][9179-2][10981-2][19056-2];5253346.80586,[5314-2][9179-2][10981-2][14825-2];5239708.89776,[5314-2][9179-2][14825-2][19056-2];5059102.49369
1943,5253346.80586,4508.43901659,4277600.5,25328.0984417,650,1[5314-2][9179-2][10981-2][14825-2][19056-2];3586856.65443,[5314-2][9179-2][10981-2][19056-2];5253346.80586,[5314-2][9179-2][10981-2][14825-2];5239708.89776,[5314-2][9179-2][14825-2][19056-2];5059102.49369
2066,5253346.80586,14981.9246814,4167071,26471.181323,745,1[5314-2][9179-2][10981-2][14825-2][19056-2];3586856.65443,[5314-2][9179-2][10981-2][19056-2];5253346.80586,[5314-2][9179-2][10981-2][14825-2];5239708.89776,[5314-2][9179-2][14825-2][19056-2];5059102.49369
2189,5253346.80586,14981.9246814,4181182,26235.6567391,736,1[5314-2][9179-2][10981-2][14825-2][19056-2];3586856.65443,[5314-2][9179-2][10981-2][19056-2];5253346.80586,[5314-2][9179-2][10981-2][14825-2];5239708.89776,[5314-2][9179-2][14825-2][19056-2];5059102.49369
2313,5253346.80586,13147.3411111,4146587.25,26569.6076243,754,1[5314-2][9179-2][10981-2][14825-2][19056-2];3586856.65443,[5314-2][9179-2][10981-2][19056-2];5253346.80586,[5314-2][9179-2][10981-2][14825-2];5239708.89776,[5314-2][9179-2][14825-2][19056-2];5059102.49369
2434,5253346.80586,9354.03952449,4116779.75,26783.2153743,740,1[5314-2][9179-2][10981-2][14825-2][19056-2];3586856.65443,[5314-2][9179-2][10981-2][19056-2];5253346.80586,[5314-2][9179-2][10981-2][14825-2];5239708.89776,[5314-2][9179-2][14825-2][19056-2];5059102.49369
2633,5253346.80586,61.9350434994,2523469.5,36623.5012022,2648,1[5314-2][9179-2][10981-2][14825-2][19056-2];3586856.65443,[5314-2][9179-2][10981-2][19056-2];5253346.80586,[5314-2][9179-2][10981-2][14825-2];5239708.89776,[5314-2][9179-2][14825-2][19056-2];5059102.49369
118,5239708.89776,43.761563014,120620.609375,3643.56498315,3616,0[5314-2][9179-2][10981-2][14825-2][19056-2];3586856.65443,[5314-2][9179-2][10981-2][14825-2];5239708.89776,[8060-2][9179-2][10981-2][14825-2];1969762.60627,[9179-2][10981-2][11288-2][14825-2];1654047.91865
227,5253346.80586,43.761563014,516019.8125,9858.09276121,2983,1[5314-2][9179-2][10981-2][14825-2][19056-2];3586856.65443,[5314-2][9179-2][10981-2][19056-2];5253346.80586,[5314-2][9179-2][10981-2][14825-2];5239708.89776,[9179-2][10981-2][14825-2][19056-2];4867823.71006
331,5253346.80586,112.232965628,1149680,17142.6351968,1904,1[5314-2][9179-2][10981-2][14825-2][19056-2];3586856.65443,[5314-2][9179-2][10981-2][19056-2];5253346.80586,[5314-2][9179-2][10981-2][14825-2];5239708.89776,[5314-2][9179-2][14825-2][19056-2];5059102.49369
435,5253346.80586,217.071224068,1805236.625,24520.5098402,1398,1[5314-2][9179-2][10981-2][14825-2][19056-2];3586856.65443,[5314-2][9179-2][10981-2][19056-2];5253346.80586,[5314-2][9179-2][10981-2][14825-2];5239708.89776,[5314-2][9179-2][14825-2][19056-2];5059102.49369
541,5253346.80586,158.250010332,2707040.75,29563.1265817,1123,1[5314-2][9179-2][10981-2][14825-2][19056-2];3586856.65443,[5314-2][9179-2][10981-2][19056-2];5253346.80586,[5314-2][9179-2][10981-2][14825-2];5239708.89776,[5314-2][9179-2][14825-2][19056-2];5059102.49369
651,5253346.80586,9921.13638705,3378912.75,29729.7389583,921,1[5314-2][9179-2][10981-2][14825-2][19056-2];3586856.65443,[5314-2][9179-2][10981-2][19056-2];5253346.80586,[5314-2][9179-2][10981-2][14825-2];5239708.89776,[5314-2][9179-2][14825-2][19056-2];5059102.49369
760,5253346.80586,13383.0445594,3814661,28064.0382649,758,1[5314-2][9179-2][10981-2][14825-2][19056-2];3586856.65443,[5314-2][9179-2][10981-2][19056-2];5253346.80586,[5314-2][9179-2][10981-2][14825-2];5239708.89776,[5314-2][9179-2][14825-2][19056-2];5059102.49369
948,5253346.80586,55.5956761117,2516933,36531.8959847,2649,1[5314-2][9179-2][10981-2][14825-2][19056-2];3586856.65443,[5314-2][9179-2][10981-2][19056-2];5253346.80586,[5314-2][9179-2][10981-2][14825-2];5239708.89776,[5314-2][9179-2][14825-2][19056-2];5059102.49369
1056,5253346.80586,55.5956761117,4310738,24747.3378797,584,1[5314-2][9179-2][10981-2][14825-2][19056-2];3586856.65443,[5314-2][9179-2][10981-2][19056-2];5253346.80586,[5314-2][9179-2][10981-2][14825-2];5239708.89776,[5314-2][9179-2][14825-2][19056-2];5059102.49369
1165,5253346.80586,346.064571094,4136957.25,26163.3914563,643,1[5314-2][9179-2][10981-2][14825-2][19056-2];3586856.65443,[5314-2][9179-2][10981-2][19056-2];5253346.80586,[5314-2][9179-2][10981-2][14825-2];5239708.89776,[5314-2][9179-2][14825-2][19056-2];5059102.49369
1275,5253346.80586,9971.79362565,4089431.25,26580.3600578,680,1[5314-2][9179-2][10981-2][14825-2][19056-2];3586856.65443,[5314-2][9179-2][10981-2][19056-2];5253346.80586,[5314-2][9179-2][10981-2][14825-2];5239708.89776,[5314-2][9179-2][14825-2][19056-2];5059102.49369
1386,5253346.80586,134.262663942,4113975.75,26367.1927954,664,1[5314-2][9179-2][10981-2][14825-2][19056-2];3586856.65443,[5314-2][9179-2][10981-2][19056-2];5253346.80586,[5314-2][9179-2][10981-2][14825-2];5239708.89776,[5314-2][9179-2][14825-2][19056-2];5059102.49369
1497,5253346.80586,13354.5054627,4063746,26764.1066968,697,1[5314-2][9179-2][10981-2][14825-2][19056-2];3586856.65443,[5314-2][9179-2][10981-2][19056-2];5253346.80586,[5314-2][9179-2][10981-2][14825-2];5239708.89776,[5314-2][9179-2][14825-2][19056-2];5059102.49369
1684,5253346.80586,56.2457583374,2516762,36531.088075,2649,1[5314-2][9179-2][10981-2][14825-2][19056-2];3586856.65443,[5314-2][9179-2][10981-2][19056-2];5253346.80586,[5314-2][9179-2][10981-2][14825-2];5239708.89776,[5314-2][9179-2][14825-2][19056-2];5059102.49369
1794,5253346.80586,268.323686035,4269609.5,25164.0068492,589,1[5314-2][9179-2][10981-2][14825-2][19056-2];3586856.65443,[5314-2][9179-2][10981-2][19056-2];5253346.80586,[5314-2][9179-2][10981-2][14825-2];5239708.89776,[5314-2][9179-2][14825-2][19056-2];5059102.49369
1903,5253346.80586,10044.5049245,4206736,25643.273502,621,1[5314-2][9179-2][10981-2][14825-2][19056-2];3586856.65443,[5314-2][9179-2][10981-2][19056-2];5253346.80586,[5314-2][9179-2][10981-2][14825-2];5239708.89776,[5314-2][9179-2][14825-2][19056-2];5059102.49369
2013,5253346.80586,1712.37645695,4147816.75,26029.2250627,640,1[5314-2][9179-2][10981-2][14825-2][19056-2];3586856.65443,[5314-2][9179-2][10981-2][19056-2];5253346.80586,[5314-2][9179-2][10981-2][14825-2];5239708.89776,[5314-2][9179-2][14825-2][19056-2];5059102.49369
2122,5253346.80586,175.712650873,4110714.5,26394.3142978,615,1[5314-2][9179-2][10981-2][14825-2][19056-2];3586856.65443,[5314-2][9179-2][10981-2][19056-2];5253346.80586,[5314-2][9179-2][10981-2][14825-2];5239708.89776,[5314-2][9179-2][14825-2][19056-2];5059102.49369
